-- (더미데이터) 경기기록과 골 기록은 자동완성을 사용했으므로 해당경기에 맞는 정확한 골 갯수가 적용되지 않았습니다 (팀테이블의 승무패).
-- 또한 다음 더미데이터 적용시 몇몇 데이터는 참조키로 인해 오류가 발생할 수 있습니다.
-- 해당 자료는 팀에 소속된 선수가 이적하지 않는 가정하에 만들어졌습니다.

--팀
insert into team (teamnum, teamname, foundationdate) values(1,'서울',to_date('1983-12-22'));
insert into team (teamnum, teamname, foundationdate) values(2,'전북',to_date('1993-12-12'));
insert into team (teamnum, teamname, foundationdate) values(3,'울산',to_date('1983-12-06'));
insert into team (teamnum, teamname, foundationdate) values(4,'포항',to_date('1973-01-01'));
insert into team (teamnum, teamname, foundationdate) values(5,'대구',to_date('2002-01-01'));
insert into team (teamnum, teamname, foundationdate) values(6,'강원',to_date('2008-12-12'));
insert into team (teamnum, teamname, foundationdate) values(7,'상주',to_date('1984-06-12'));
insert into team (teamnum, teamname, foundationdate) values(8,'수원',to_date('1995-05-13'));
insert into team (teamnum, teamname, foundationdate) values(9,'성남',to_date('1989-03-18'));
insert into team (teamnum, teamname, foundationdate) values(10,'인천',to_date('2003-03-12'));
insert into team (teamnum, teamname, foundationdate) values(11,'경남',to_date('2006-06-12'));
insert into team (teamnum, teamname, foundationdate) values(12,'제주',to_date('1982-03-06'));

update team set win=155, lose=123, draw=33 where teamnum = 1 ;
update team set win=128, lose=121, draw=13 where teamnum = 2 ;
update team set win=122, lose=110, draw=23 where teamnum = 3 ;
update team set win=111, lose=101, draw=52 where teamnum = 4 ;
update team set win=112, lose=107, draw=24 where teamnum = 5 ;
update team set win=119, lose=108, draw=56 where teamnum = 6 ;
update team set win=128, lose=105, draw=63 where teamnum = 7 ;
update team set win=132, lose=109, draw=44 where teamnum = 8 ;
update team set win=98, lose=105, draw=22 where teamnum = 9 ;
update team set win=76, lose=102, draw=54 where teamnum = 10 ;
update team set win=110, lose=103, draw=42 where teamnum = 11 ;
update team set win=123, lose=104, draw=47 where teamnum = 12 ;

--선수

insert into player (playernum, teamnum, name, birth, debut, retire)
values (player_SEQ.nextval, 1, '이동국', to_date('1986-04-05'), to_date('2001-01-21'), to_date('2001-05-13'));
insert into player (playernum, teamnum, name, birth, debut)
values (player_SEQ.nextval, 1, '문선빈', to_date('1995-08-01'), to_date('2014-02-21'));
insert into player (playernum, teamnum, name, birth, debut, retire)
values (player_SEQ.nextval, 1, '이윤재', to_date('1979-03-05'), to_date('1998-01-02'), to_date('2010-05-13'));
insert into player (playernum, teamnum, name, birth, debut, retire)
values (player_SEQ.nextval, 1, '박지성', to_date('1976-04-05'), to_date('2002-01-21'), to_date('2015-05-13'));
insert into player (playernum, teamnum, name, birth, debut, retire)
values (player_SEQ.nextval, 2, '유상철', to_date('1975-03-05'), to_date('2001-05-25'), to_date('2014-05-13'));
insert into player (playernum, teamnum, name, birth, debut, retire)
values (player_SEQ.nextval, 2, '이천수', to_date('1980-09-23'), to_date('2000-06-30'), to_date('2010-03-12'));
insert into player (playernum, teamnum, name, birth, debut, retire)
values (player_SEQ.nextval, 2, '이영표', to_date('1983-04-23'), to_date('1998-07-24'), to_date('2011-07-09'));
insert into player (playernum, teamnum, name, birth, debut, retire)
values (player_SEQ.nextval, 1, '홍명보', to_date('1980-12-06'), to_date('1997-06-21'), to_date('2008-09-17'));
insert into player (playernum, teamnum, name, birth, debut)
values (player_SEQ.nextval, 2, '홍명보', to_date('1990-12-06'), to_date('2011-06-21'));

--생성기에서 생성한 더미데이터--

--FC 서울팀
insert into player (playernum, teamnum, name, birth, debut, retire) values (player_SEQ.nextval, 1, '박주영', '1980/04/22', '1999/03/18', '2017/07/03');
insert into player (playernum, teamnum, name, birth, debut, retire) values (player_SEQ.nextval, 1, '김한길', '1964/03/13', '1999/09/21', '2017/01/14');
insert into player (playernum, teamnum, name, birth, debut, retire) values (player_SEQ.nextval, 1, '박희성', '1983/07/04', '1995/08/24', '2018/06/28');
insert into player (playernum, teamnum, name, birth, debut, retire) values (player_SEQ.nextval, 1, '조영욱', '1979/11/13', '2004/09/12', '2018/10/28');
insert into player (playernum, teamnum, name, birth, debut, retire) values (player_SEQ.nextval, 1, '윤주태', '1966/11/17', '1999/03/20', '2019/07/04');
insert into player (playernum, teamnum, name, birth, debut, retire) values (player_SEQ.nextval, 1, '이인규', '1960/03/09', '1999/07/23', '2018/12/24');
insert into player (playernum, teamnum, name, birth, debut, retire) values (player_SEQ.nextval, 1, '박성민', '1976/02/26', '1995/10/03', '2019/04/29');
insert into player (playernum, teamnum, name, birth, debut, retire) values (player_SEQ.nextval, 1, '이건철', '1988/12/18', '1995/07/14', '2017/07/14');
insert into player (playernum, teamnum, name, birth, debut, retire) values (player_SEQ.nextval, 1, '김우홍', '1971/08/17', '2004/10/19', '2018/06/04');
insert into player (playernum, teamnum, name, birth, debut, retire) values (player_SEQ.nextval, 1, '박동진', '1968/02/12', '1995/10/29', '2018/11/13');
insert into player (playernum, teamnum, name, birth, debut, retire) values (player_SEQ.nextval, 1, '페시치', '1988/02/27', '2002/06/01', '2017/11/19');
insert into player (playernum, teamnum, name, birth, debut, retire) values (player_SEQ.nextval, 1, '권성윤', '1966/01/25', '2000/05/27', '2019/08/01');

--전북현대
insert into player (playernum, teamnum, name, birth, debut, retire) values (player_SEQ.nextval, 2, '김승대', '1973/05/19', '2003/05/16', '2019/11/10');
insert into player (playernum, teamnum, name, birth, debut, retire) values (player_SEQ.nextval, 2, '로페즈', '1961/02/10', '1993/09/14', '2018/04/30');
insert into player (playernum, teamnum, name, birth, debut, retire) values (player_SEQ.nextval, 2, '고무열', '1990/04/05', '1993/12/11', '2019/05/17');
insert into player (playernum, teamnum, name, birth, debut, retire) values (player_SEQ.nextval, 2, '이비니', '1960/11/27', '2003/06/03', '2019/05/05');
insert into player (playernum, teamnum, name, birth, debut, retire) values (player_SEQ.nextval, 2, '나성은', '1964/10/24', '2004/04/05', '2018/08/11');
insert into player (playernum, teamnum, name, birth, debut, retire) values (player_SEQ.nextval, 2, '이동국', '1968/05/04', '1995/09/26', '2019/09/27');
insert into player (playernum, teamnum, name, birth, debut, retire) values (player_SEQ.nextval, 2, '이성윤', '1980/09/17', '2000/04/03', '2018/04/23');
insert into player (playernum, teamnum, name, birth, debut, retire) values (player_SEQ.nextval, 2, '호사', '1978/12/04', '2002/04/04', '2018/12/05');
insert into player (playernum, teamnum, name, birth, debut) values (player_SEQ.nextval, 2, '유승민', '1973/08/24', '1997/10/20');
insert into player (playernum, teamnum, name, birth, debut, retire) values (player_SEQ.nextval, 2, '최철순', '1985/01/04', '1994/11/16', '2019/10/22');
insert into player (playernum, teamnum, name, birth, debut, retire) values (player_SEQ.nextval, 2, '김진수', '1984/11/30', '2001/01/02', '2019/05/03');
insert into player (playernum, teamnum, name, birth, debut, retire) values (player_SEQ.nextval, 2, '신형민', '1980/04/09', '2003/09/18', '2019/08/14');

--울산 현대
insert into player (playernum, teamnum, name, birth, debut, retire) values (player_SEQ.nextval, 3,'김인성', '1968/02/21', '2004/06/10', '2018/04/30');
insert into player (playernum, teamnum, name, birth, debut, retire) values (player_SEQ.nextval, 3,'황일수', '1961/05/22', '2001/01/10', '2018/07/05');
insert into player (playernum, teamnum, name, birth, debut, retire) values (player_SEQ.nextval, 3,'주니오', '1965/12/15', '1997/11/09', '2019/05/12');
insert into player (playernum, teamnum, name, birth, debut, retire) values (player_SEQ.nextval, 3,'이근호', '1987/04/12', '2000/11/15', '2019/07/03');
insert into player (playernum, teamnum, name, birth, debut, retire) values (player_SEQ.nextval, 3,'주민규', '1961/05/15', '1993/05/20', '2017/08/19');
insert into player (playernum, teamnum, name, birth, debut) values (player_SEQ.nextval, 3,'박하민', '1963/05/23', '1992/07/12');
insert into player (playernum, teamnum, name, birth, debut, retire) values (player_SEQ.nextval, 3,'이동원', '1982/01/02', '1999/02/21', '2019/12/09');
insert into player (playernum, teamnum, name, birth, debut, retire) values (player_SEQ.nextval, 3,'손호준', '1980/11/03', '1992/12/17', '2018/08/26');
insert into player (playernum, teamnum, name, birth, debut, retire) values (player_SEQ.nextval, 3,'박정인', '1975/01/04', '1995/07/18', '2018/11/05');
insert into player (playernum, teamnum, name, birth, debut, retire) values (player_SEQ.nextval, 3,'신신호', '1980/01/17', '2001/02/01', '2017/04/21');
insert into player (playernum, teamnum, name, birth, debut, retire) values (player_SEQ.nextval, 3,'김보경', '1986/06/08', '2001/07/11', '2018/10/22');
insert into player (playernum, teamnum, name, birth, debut, retire) values (player_SEQ.nextval, 3,'이동경', '1964/12/20', '2004/11/19', '2017/10/25');

--포항 스틸러스
insert into player (playernum, teamnum, name, birth, debut, retire) values (player_SEQ.nextval, 4,'심동운', '1961/09/15', '2000/09/07', '2017/07/22');
insert into player (playernum, teamnum, name, birth, debut, retire) values (player_SEQ.nextval, 4,'이광혁', '1981/06/15', '1995/02/14', '2017/05/03');
insert into player (playernum, teamnum, name, birth, debut, retire) values (player_SEQ.nextval, 4,'허용준', '1980/06/05', '1994/02/11', '2017/01/01');
insert into player (playernum, teamnum, name, birth, debut, retire) values (player_SEQ.nextval, 4,'하승윤', '1981/05/01', '1995/07/03', '2018/05/26');
insert into player (playernum, teamnum, name, birth, debut, retire) values (player_SEQ.nextval, 4,'김도형', '1978/12/18', '2001/12/15', '2017/03/07');
insert into player (playernum, teamnum, name, birth, debut, retire) values (player_SEQ.nextval, 4,'심상민', '1986/05/21', '1998/05/18', '2018/05/11');
insert into player (playernum, teamnum, name, birth, debut, retire) values (player_SEQ.nextval, 4,'김광석', '1962/05/18', '2004/11/16', '2019/03/17');
insert into player (playernum, teamnum, name, birth, debut, retire) values (player_SEQ.nextval, 4,'전민광', '1976/03/28', '2000/12/27', '2019/08/04');
insert into player (playernum, teamnum, name, birth, debut, retire) values (player_SEQ.nextval, 4,'하창래', '1989/03/03', '2004/06/07', '2018/05/28');
insert into player (playernum, teamnum, name, birth, debut, retire) values (player_SEQ.nextval, 4,'김용환', '1962/10/01', '1998/02/17', '2018/02/23');
insert into player (playernum, teamnum, name, birth, debut, retire) values (player_SEQ.nextval, 4,'민경현', '1980/07/27', '1996/06/25', '2017/12/16');
insert into player (playernum, teamnum, name, birth, debut, retire) values (player_SEQ.nextval, 4,'강현무', '1975/06/29', '2004/01/05', '2017/03/28');

--대구FC
insert into player (playernum, teamnum, name, birth, debut, retire) values (player_SEQ.nextval, 5,'김대원', '1985/07/28', '1993/07/04', '2017/10/11');
insert into player (playernum, teamnum, name, birth, debut, retire) values (player_SEQ.nextval, 5,'임재혁', '1962/10/14', '1992/09/10', '2019/03/25');
insert into player (playernum, teamnum, name, birth, debut, retire) values (player_SEQ.nextval, 5,'정승원', '1980/08/24', '2003/11/12', '2019/01/22');
insert into player (playernum, teamnum, name, birth, debut, retire) values (player_SEQ.nextval, 5,'정선호', '1972/10/08', '1993/10/23', '2019/07/25');
insert into player (playernum, teamnum, name, birth, debut, retire) values (player_SEQ.nextval, 5,'정영웅', '1971/08/04', '1996/11/08', '2017/04/03');
insert into player (playernum, teamnum, name, birth, debut, retire) values (player_SEQ.nextval, 5,'황순민', '1969/01/22', '1992/12/29', '2019/08/29');
insert into player (playernum, teamnum, name, birth, debut, retire) values (player_SEQ.nextval, 5,'예병원', '1966/03/25', '2005/05/03', '2017/04/17');
insert into player (playernum, teamnum, name, birth, debut, retire) values (player_SEQ.nextval, 5,'고재현', '1967/02/28', '1998/04/03', '2017/12/22');
insert into player (playernum, teamnum, name, birth, debut, retire) values (player_SEQ.nextval, 5,'박민서', '1968/04/02', '1998/07/06', '2019/09/18');
insert into player (playernum, teamnum, name, birth, debut, retire) values (player_SEQ.nextval, 5,'교태규', '1973/06/20', '2004/08/18', '2017/10/12');
insert into player (playernum, teamnum, name, birth, debut, retire) values (player_SEQ.nextval, 5,'김우석', '1971/10/10', '1999/10/11', '2019/11/22');
insert into player (playernum, teamnum, name, birth, debut, retire) values (player_SEQ.nextval, 5,'정태욱', '1973/09/22', '1993/07/12', '2019/08/20');

--강원FC
insert into player (playernum, teamnum, name, birth, debut, retire) values (player_SEQ.nextval, 6,'정조국', '1984/06/03', '1997/11/12', '2019/03/10');
insert into player (playernum, teamnum, name, birth, debut, retire) values (player_SEQ.nextval, 6,'서명원', '1964/03/14', '1994/06/25', '2018/08/15');
insert into player (playernum, teamnum, name, birth, debut, retire) values (player_SEQ.nextval, 6,'정민우', '1969/03/05', '1998/10/15', '2019/05/21');
insert into player (playernum, teamnum, name, birth, debut) values (player_SEQ.nextval, 6,'정지용', '1974/05/20', '1997/07/01');
insert into player (playernum, teamnum, name, birth, debut) values (player_SEQ.nextval, 6,'김지현', '1990/10/02', '2002/04/29');
insert into player (playernum, teamnum, name, birth, debut) values (player_SEQ.nextval, 6,'조지훈', '1984/02/01', '2000/05/17');
insert into player (playernum, teamnum, name, birth, debut) values (player_SEQ.nextval, 6,'정석화', '1979/06/06', '2001/11/26');
insert into player (playernum, teamnum, name, birth, debut) values (player_SEQ.nextval, 6,'이재권', '1973/07/24', '2003/04/12');
insert into player (playernum, teamnum, name, birth, debut) values (player_SEQ.nextval, 6,'김현욱', '1973/01/05', '1999/07/16');
insert into player (playernum, teamnum, name, birth, debut, retire) values (player_SEQ.nextval, 6,'김재현', '1971/03/08', '1995/11/03', '2019/02/02');
insert into player (playernum, teamnum, name, birth, debut, retire) values (player_SEQ.nextval, 6,'한국영', '1981/12/18', '2005/04/10', '2017/12/01');
insert into player (playernum, teamnum, name, birth, debut, retire) values (player_SEQ.nextval, 6,'이승규', '1977/11/11', '2005/06/27', '2018/10/25');

--상주 상무
insert into player (playernum, teamnum, name, birth, debut, retire) values (player_SEQ.nextval, 7,'송시우', '1973/11/20', '2002/09/24', '2017/11/16');
insert into player (playernum, teamnum, name, birth, debut, retire) values (player_SEQ.nextval, 7,'김경중', '1960/05/12', '2003/10/12', '2018/01/15');
insert into player (playernum, teamnum, name, birth, debut, retire) values (player_SEQ.nextval, 7,'이호석', '1973/01/01', '2000/11/18', '2017/07/24');
insert into player (playernum, teamnum, name, birth, debut) values (player_SEQ.nextval, 7,'박용지', '1982/12/10', '1992/10/03');
insert into player (playernum, teamnum, name, birth, debut) values (player_SEQ.nextval, 7,'진성욱', '1962/02/18', '2003/03/07');
insert into player (playernum, teamnum, name, birth, debut) values (player_SEQ.nextval, 7,'김건희', '1961/04/12', '2003/10/08');
insert into player (playernum, teamnum, name, birth, debut, retire) values (player_SEQ.nextval, 7,'안세희', '1961/11/24', '2000/11/24', '2018/06/13');
insert into player (playernum, teamnum, name, birth, debut, retire) values (player_SEQ.nextval, 7,'마상훈', '1966/04/30', '1992/02/15', '2019/07/12');
insert into player (playernum, teamnum, name, birth, debut, retire) values (player_SEQ.nextval, 7,'권완규', '1967/10/06', '2001/12/07', '2019/09/18');
insert into player (playernum, teamnum, name, birth, debut) values (player_SEQ.nextval, 7,'고태원', '1990/10/03', '1996/09/30');
insert into player (playernum, teamnum, name, birth, debut, retire) values (player_SEQ.nextval, 7,'김경재', '1965/10/11', '1997/04/24', '2019/03/17');
insert into player (playernum, teamnum, name, birth, debut, retire) values (player_SEQ.nextval, 7,'박대한', '1977/09/08', '1998/09/08', '2017/07/28');

--수원 삼성 블루윙즈
insert into player (playernum, teamnum, name, birth, debut, retire) values (player_SEQ.nextval, 8,'한의권', '1977/12/04', '2002/04/18', '2016/12/14');
insert into player (playernum, teamnum, name, birth, debut, retire) values (player_SEQ.nextval, 8,'데얀', '1982/03/03', '1994/11/30', '2018/12/25');
insert into player (playernum, teamnum, name, birth, debut, retire) values (player_SEQ.nextval, 8,'권세진', '1986/12/29', '2003/06/05', '2018/12/01');
insert into player (playernum, teamnum, name, birth, debut, retire) values (player_SEQ.nextval, 8,'다카트', '1979/11/21', '1992/03/24', '2019/11/22');
insert into player (playernum, teamnum, name, birth, debut) values (player_SEQ.nextval, 8,'한석희', '1977/09/09', '2001/05/22');
insert into player (playernum, teamnum, name, birth, debut) values (player_SEQ.nextval, 8,'송진규', '1976/07/28', '1997/11/19');
insert into player (playernum, teamnum, name, birth, debut, retire) values (player_SEQ.nextval, 8,'안토니스', '1969/08/01', '1997/03/06', '2017/05/28');
insert into player (playernum, teamnum, name, birth, debut, retire) values (player_SEQ.nextval, 8,'김민우', '1969/06/17', '2004/03/25', '2019/01/19');
insert into player (playernum, teamnum, name, birth, debut, retire) values (player_SEQ.nextval, 8,'이종성', '1965/09/09', '1999/06/01', '2018/01/04');
insert into player (playernum, teamnum, name, birth, debut, retire) values (player_SEQ.nextval, 8,'김종우', '1975/04/28', '1993/06/28', '2017/02/11');
insert into player (playernum, teamnum, name, birth, debut, retire) values (player_SEQ.nextval, 8,'이상민', '1975/12/16', '1992/04/10', '2019/06/15');
insert into player (playernum, teamnum, name, birth, debut, retire) values (player_SEQ.nextval, 8,'노동건', '1979/03/19', '2002/03/08', '2017/06/17');

--성남 FC
insert into player (playernum, teamnum, name, birth, debut, retire) values (player_SEQ.nextval, 9,'공민현', '1978/04/01', '1996/08/30', '2017/09/09');
insert into player (playernum, teamnum, name, birth, debut, retire) values (player_SEQ.nextval, 9,'이은범', '1975/09/25', '1998/01/16', '2018/12/28');
insert into player (playernum, teamnum, name, birth, debut, retire) values (player_SEQ.nextval, 9,'이현일', '1983/12/27', '1999/08/16', '2019/07/27');
insert into player (playernum, teamnum, name, birth, debut) values (player_SEQ.nextval, 9,'김현성', '1983/10/15', '1994/03/18');
insert into player (playernum, teamnum, name, birth, debut) values (player_SEQ.nextval, 9,'박관우', '1981/02/08', '1998/12/17');
insert into player (playernum, teamnum, name, birth, debut) values (player_SEQ.nextval, 9,'김정현', '1964/12/21', '1994/02/01');
insert into player (playernum, teamnum, name, birth, debut) values (player_SEQ.nextval, 9,'주현우', '1970/08/19', '1998/11/15');
insert into player (playernum, teamnum, name, birth, debut) values (player_SEQ.nextval, 9,'문상윤', '1978/09/25', '2003/10/02');
insert into player (playernum, teamnum, name, birth, debut, retire) values (player_SEQ.nextval, 9,'서보민', '1963/09/09', '2002/03/11', '2018/11/22');
insert into player (playernum, teamnum, name, birth, debut, retire) values (player_SEQ.nextval, 9,'김동현', '1963/07/26', '2003/07/07', '2018/08/14');
insert into player (playernum, teamnum, name, birth, debut, retire) values (player_SEQ.nextval, 9,'박원재', '1962/04/24', '2004/02/14', '2018/08/04');
insert into player (playernum, teamnum, name, birth, debut, retire) values (player_SEQ.nextval, 9,'이창용', '1983/11/06', '1997/01/30', '2019/08/02');

--인천유나이티드
insert into player (playernum, teamnum, name, birth, debut, retire) values (player_SEQ.nextval, 10,'무고사', '1970/01/24', '1996/04/01', '2019/06/12');
insert into player (playernum, teamnum, name, birth, debut) values (player_SEQ.nextval, 10,'케힌데', '1978/11/24', '1996/08/01');
insert into player (playernum, teamnum, name, birth, debut) values (player_SEQ.nextval, 10,'김승용', '1989/07/11', '2001/05/11');
insert into player (playernum, teamnum, name, birth, debut) values (player_SEQ.nextval, 10,'김보섭', '1960/12/07', '1996/05/21');
insert into player (playernum, teamnum, name, birth, debut, retire) values (player_SEQ.nextval, 10,'이준석', '1972/12/19', '1992/04/23', '2017/05/29');
insert into player (playernum, teamnum, name, birth, debut, retire) values (player_SEQ.nextval, 10,'김호남', '1974/10/06', '1992/04/05', '2019/11/12');
insert into player (playernum, teamnum, name, birth, debut, retire) values (player_SEQ.nextval, 10,'김근환', '1972/06/29', '1998/05/28', '2018/04/25');
insert into player (playernum, teamnum, name, birth, debut, retire) values (player_SEQ.nextval, 10,'이지훈', '1970/10/29', '2000/11/08', '2018/09/18');
insert into player (playernum, teamnum, name, birth, debut) values (player_SEQ.nextval, 10,'김도혁', '1965/01/06', '2002/07/22');
insert into player (playernum, teamnum, name, birth, debut) values (player_SEQ.nextval, 10,'문창진', '1982/11/18', '1996/10/20');
insert into player (playernum, teamnum, name, birth, debut, retire) values (player_SEQ.nextval, 10,'양준아', '1962/04/07', '2000/07/10', '2019/04/05');
insert into player (playernum, teamnum, name, birth, debut, retire) values (player_SEQ.nextval, 10,'황정욱', '1986/08/18', '1991/12/09', '2017/03/26');

--경남FC
insert into player (playernum, teamnum, name, birth, debut, retire) values (player_SEQ.nextval, 11,'배기종', '1985/10/14', '2004/12/08', '2019/09/09');
insert into player (playernum, teamnum, name, birth, debut, retire) values (player_SEQ.nextval, 11,'김승준', '1973/08/20', '1995/10/21', '2019/07/30');
insert into player (playernum, teamnum, name, birth, debut, retire) values (player_SEQ.nextval, 11,'도동현', '1974/05/27', '2004/02/20', '2017/07/24');
insert into player (playernum, teamnum, name, birth, debut, retire) values (player_SEQ.nextval, 11,'김효기', '1961/12/15', '1997/04/25', '2016/12/19');
insert into player (playernum, teamnum, name, birth, debut, retire) values (player_SEQ.nextval, 11,'쿠니모토', '1973/11/21', '2005/10/16', '2018/09/29');
insert into player (playernum, teamnum, name, birth, debut, retire) values (player_SEQ.nextval, 11,'하성민', '1971/08/06', '1998/06/04', '2018/12/06');
insert into player (playernum, teamnum, name, birth, debut, retire) values (player_SEQ.nextval, 11,'안성남', '1985/03/27', '2001/02/07', '2017/10/28');
insert into player (playernum, teamnum, name, birth, debut) values (player_SEQ.nextval, 11,'조재철', '1983/08/09', '1998/07/01');
insert into player (playernum, teamnum, name, birth, debut, retire) values (player_SEQ.nextval, 11,'이광진', '1975/04/21', '1996/06/21', '2017/06/19');
insert into player (playernum, teamnum, name, birth, debut, retire) values (player_SEQ.nextval, 11,'유지훈', '1963/07/04', '1995/04/30', '2018/04/10');
insert into player (playernum, teamnum, name, birth, debut) values (player_SEQ.nextval, 11,'곽태휘', '1972/06/02', '1997/04/07');
insert into player (playernum, teamnum, name, birth, debut, retire) values (player_SEQ.nextval, 11,'이재명', '1980/07/13', '1992/10/13', '2018/01/31');

--제주 유나이티드
insert into player (playernum, teamnum, name, birth, debut) values (player_SEQ.nextval, 12,'마그노', '1978/09/26', '2001/01/18');
insert into player (playernum, teamnum, name, birth, debut, retire) values (player_SEQ.nextval, 12,'남준재', '1968/06/20', '1993/11/02', '2017/12/22');
insert into player (playernum, teamnum, name, birth, debut) values (player_SEQ.nextval, 12,'임찬울', '1983/11/09', '2004/05/18');
insert into player (playernum, teamnum, name, birth, debut, retire) values (player_SEQ.nextval, 12,'임상협', '1988/06/06', '1994/09/24', '2019/05/10');
insert into player (playernum, teamnum, name, birth, debut, retire) values (player_SEQ.nextval, 12,'윤일록', '1990/07/22', '1991/12/27', '2019/01/17');
insert into player (playernum, teamnum, name, birth, debut) values (player_SEQ.nextval, 12,'권순형', '1965/06/26', '2003/08/27');
insert into player (playernum, teamnum, name, birth, debut) values (player_SEQ.nextval, 12,'최현태', '1960/07/31', '2004/09/23');
insert into player (playernum, teamnum, name, birth, debut) values (player_SEQ.nextval, 12,'이창민', '1972/09/11', '1992/07/24');
insert into player (playernum, teamnum, name, birth, debut, retire) values (player_SEQ.nextval, 12,'이동수', '1981/11/10', '1992/02/21', '2018/05/26');
insert into player (playernum, teamnum, name, birth, debut) values (player_SEQ.nextval, 12,'안현볌', '1964/05/21', '2001/04/22');
insert into player (playernum, teamnum, name, birth, debut, retire) values (player_SEQ.nextval, 12,'김성주', '1975/04/27', '1995/08/14', '2017/05/15');
insert into player (playernum, teamnum, name, birth, debut, retire) values (player_SEQ.nextval, 12,'황성민', '1985/11/24', '2002/01/14', '2019/06/04');

--게임 테이블
insert into game (gamenum, hometeam, awayteam, homescore, awayscore, gamedate) values (1, 6, 10, 5, 8, '2016/06/21');
insert into game (gamenum, hometeam, awayteam, homescore, awayscore, gamedate) values (2, 7, 5, 4, 0, '1986/12/22');
insert into game (gamenum, hometeam, awayteam, homescore, awayscore, gamedate) values (3, 11, 8, 2, 4, '1976/08/04');
insert into game (gamenum, hometeam, awayteam, homescore, awayscore, gamedate) values (4, 5, 1, 10, 9, '2012/10/10');
insert into game (gamenum, hometeam, awayteam, homescore, awayscore, gamedate) values (5, 3, 5, 10, 7, '1982/06/19');
insert into game (gamenum, hometeam, awayteam, homescore, awayscore, gamedate) values (6, 7, 4, 9, 7, '2004/07/28');
insert into game (gamenum, hometeam, awayteam, homescore, awayscore, gamedate) values (7, 5, 5, 6, 4, '2005/06/22');
insert into game (gamenum, hometeam, awayteam, homescore, awayscore, gamedate) values (8, 12, 8, 7, 7, '1971/03/05');
insert into game (gamenum, hometeam, awayteam, homescore, awayscore, gamedate) values (9, 5, 5, 6, 9, '1979/12/17');
insert into game (gamenum, hometeam, awayteam, homescore, awayscore, gamedate) values (10, 12, 3, 7, 2, '1984/05/03');
insert into game (gamenum, hometeam, awayteam, homescore, awayscore, gamedate) values (11, 3, 5, 4, 10, '2000/10/03');
insert into game (gamenum, hometeam, awayteam, homescore, awayscore, gamedate) values (12, 1, 5, 3, 1, '2003/02/14');
insert into game (gamenum, hometeam, awayteam, homescore, awayscore, gamedate) values (13, 11, 12, 1, 1, '1993/02/01');
insert into game (gamenum, hometeam, awayteam, homescore, awayscore, gamedate) values (14, 6, 4, 1, 8, '2006/09/27');
insert into game (gamenum, hometeam, awayteam, homescore, awayscore, gamedate) values (15, 9, 2, 7, 1, '2016/02/01');
insert into game (gamenum, hometeam, awayteam, homescore, awayscore, gamedate) values (16, 5, 9, 3, 3, '1982/09/04');
insert into game (gamenum, hometeam, awayteam, homescore, awayscore, gamedate) values (17, 7, 9, 0, 0, '1983/10/09');
insert into game (gamenum, hometeam, awayteam, homescore, awayscore, gamedate) values (18, 5, 4, 6, 8, '2015/05/11');
insert into game (gamenum, hometeam, awayteam, homescore, awayscore, gamedate) values (19, 5, 9, 5, 7, '1998/06/09');
insert into game (gamenum, hometeam, awayteam, homescore, awayscore, gamedate) values (20, 8, 7, 4, 0, '1983/09/18');
insert into game (gamenum, hometeam, awayteam, homescore, awayscore, gamedate) values (21, 8, 1, 8, 10, '1977/08/28');
insert into game (gamenum, hometeam, awayteam, homescore, awayscore, gamedate) values (22, 12, 6, 3, 0, '2005/04/16');
insert into game (gamenum, hometeam, awayteam, homescore, awayscore, gamedate) values (23, 7, 11, 4, 3, '2005/07/30');
insert into game (gamenum, hometeam, awayteam, homescore, awayscore, gamedate) values (24, 12, 7, 1, 7, '1986/06/04');
insert into game (gamenum, hometeam, awayteam, homescore, awayscore, gamedate) values (25, 12, 3, 0, 7, '1972/01/05');
insert into game (gamenum, hometeam, awayteam, homescore, awayscore, gamedate) values (26, 12, 5, 10, 10, '1997/11/22');
insert into game (gamenum, hometeam, awayteam, homescore, awayscore, gamedate) values (27, 4, 5, 4, 0, '1993/06/15');
insert into game (gamenum, hometeam, awayteam, homescore, awayscore, gamedate) values (28, 3, 10, 0, 1, '1988/07/28');
insert into game (gamenum, hometeam, awayteam, homescore, awayscore, gamedate) values (29, 7, 9, 2, 1, '1994/09/27');
insert into game (gamenum, hometeam, awayteam, homescore, awayscore, gamedate) values (30, 7, 10, 5, 0, '1990/05/17');
insert into game (gamenum, hometeam, awayteam, homescore, awayscore, gamedate) values (31, 9, 11, 8, 4, '1971/10/13');
insert into game (gamenum, hometeam, awayteam, homescore, awayscore, gamedate) values (32, 9, 6, 3, 0, '1977/02/02');
insert into game (gamenum, hometeam, awayteam, homescore, awayscore, gamedate) values (33, 3, 4, 8, 3, '1977/12/31');
insert into game (gamenum, hometeam, awayteam, homescore, awayscore, gamedate) values (34, 5, 3, 7, 8, '1996/10/15');
insert into game (gamenum, hometeam, awayteam, homescore, awayscore, gamedate) values (35, 9, 6, 7, 1, '1993/01/26');
insert into game (gamenum, hometeam, awayteam, homescore, awayscore, gamedate) values (36, 12, 8, 10, 0, '1989/05/17');
insert into game (gamenum, hometeam, awayteam, homescore, awayscore, gamedate) values (37, 7, 10, 0, 1, '2008/03/19');
insert into game (gamenum, hometeam, awayteam, homescore, awayscore, gamedate) values (38, 1, 8, 3, 4, '1976/09/04');
insert into game (gamenum, hometeam, awayteam, homescore, awayscore, gamedate) values (39, 4, 6, 4, 9, '2011/06/03');
insert into game (gamenum, hometeam, awayteam, homescore, awayscore, gamedate) values (40, 3, 9, 9, 6, '1976/12/05');
insert into game (gamenum, hometeam, awayteam, homescore, awayscore, gamedate) values (41, 7, 9, 3, 2, '1973/01/18');
insert into game (gamenum, hometeam, awayteam, homescore, awayscore, gamedate) values (42, 9, 8, 8, 2, '2013/06/17');
insert into game (gamenum, hometeam, awayteam, homescore, awayscore, gamedate) values (43, 7, 7, 7, 7, '1983/12/07');
insert into game (gamenum, hometeam, awayteam, homescore, awayscore, gamedate) values (44, 1, 10, 8, 5, '2017/11/09');
insert into game (gamenum, hometeam, awayteam, homescore, awayscore, gamedate) values (45, 3, 4, 5, 10, '2000/05/20');
insert into game (gamenum, hometeam, awayteam, homescore, awayscore, gamedate) values (46, 7, 9, 8, 3, '1972/08/19');
insert into game (gamenum, hometeam, awayteam, homescore, awayscore, gamedate) values (47, 7, 8, 7, 5, '2004/12/09');
insert into game (gamenum, hometeam, awayteam, homescore, awayscore, gamedate) values (48, 3, 11, 8, 10, '2019/05/31');
insert into game (gamenum, hometeam, awayteam, homescore, awayscore, gamedate) values (49, 8, 9, 3, 3, '1974/11/20');
insert into game (gamenum, hometeam, awayteam, homescore, awayscore, gamedate) values (50, 7, 5, 6, 0, '1983/07/12');
insert into game (gamenum, hometeam, awayteam, homescore, awayscore, gamedate) values (51, 12, 5, 9, 6, '2003/04/08');
insert into game (gamenum, hometeam, awayteam, homescore, awayscore, gamedate) values (52, 5, 5, 6, 0, '2002/05/17');
insert into game (gamenum, hometeam, awayteam, homescore, awayscore, gamedate) values (53, 12, 1, 1, 10, '2000/09/13');
insert into game (gamenum, hometeam, awayteam, homescore, awayscore, gamedate) values (54, 8, 2, 5, 8, '2003/04/10');
insert into game (gamenum, hometeam, awayteam, homescore, awayscore, gamedate) values (55, 6, 9, 7, 1, '1993/02/06');
insert into game (gamenum, hometeam, awayteam, homescore, awayscore, gamedate) values (56, 4, 10, 3, 0, '1973/09/05');
insert into game (gamenum, hometeam, awayteam, homescore, awayscore, gamedate) values (57, 6, 6, 6, 6, '2000/09/19');
insert into game (gamenum, hometeam, awayteam, homescore, awayscore, gamedate) values (58, 8, 8, 2, 9, '1981/04/06');
insert into game (gamenum, hometeam, awayteam, homescore, awayscore, gamedate) values (59, 5, 4, 4, 0, '2013/12/16');
insert into game (gamenum, hometeam, awayteam, homescore, awayscore, gamedate) values (60, 5, 6, 5, 1, '1974/11/23');
insert into game (gamenum, hometeam, awayteam, homescore, awayscore, gamedate) values (61, 9, 12, 4, 4, '2015/03/09');
insert into game (gamenum, hometeam, awayteam, homescore, awayscore, gamedate) values (62, 10, 9, 7, 3, '1981/07/21');
insert into game (gamenum, hometeam, awayteam, homescore, awayscore, gamedate) values (63, 11, 9, 9, 6, '1982/12/14');
insert into game (gamenum, hometeam, awayteam, homescore, awayscore, gamedate) values (64, 8, 10, 0, 9, '1997/06/26');
insert into game (gamenum, hometeam, awayteam, homescore, awayscore, gamedate) values (65, 4, 8, 3, 3, '1984/11/09');
insert into game (gamenum, hometeam, awayteam, homescore, awayscore, gamedate) values (66, 5, 6, 5, 2, '2009/10/11');
insert into game (gamenum, hometeam, awayteam, homescore, awayscore, gamedate) values (67, 9, 11, 4, 8, '2008/11/24');
insert into game (gamenum, hometeam, awayteam, homescore, awayscore, gamedate) values (68, 5, 11, 9, 1, '1986/06/23');
insert into game (gamenum, hometeam, awayteam, homescore, awayscore, gamedate) values (69, 1, 3, 4, 7, '2015/05/10');
insert into game (gamenum, hometeam, awayteam, homescore, awayscore, gamedate) values (70, 9, 12, 0, 2, '2009/11/13');
insert into game (gamenum, hometeam, awayteam, homescore, awayscore, gamedate) values (71, 9, 3, 0, 0, '1984/10/18');
insert into game (gamenum, hometeam, awayteam, homescore, awayscore, gamedate) values (72, 1, 11, 7, 9, '1990/12/21');
insert into game (gamenum, hometeam, awayteam, homescore, awayscore, gamedate) values (73, 2, 11, 10, 2, '1973/01/30');
insert into game (gamenum, hometeam, awayteam, homescore, awayscore, gamedate) values (74, 11, 2, 2, 2, '1995/11/25');
insert into game (gamenum, hometeam, awayteam, homescore, awayscore, gamedate) values (75, 1, 8, 6, 7, '2005/07/10');
insert into game (gamenum, hometeam, awayteam, homescore, awayscore, gamedate) values (76, 1, 12, 8, 6, '2007/07/27');
insert into game (gamenum, hometeam, awayteam, homescore, awayscore, gamedate) values (77, 10, 7, 10, 5, '2003/08/10');
insert into game (gamenum, hometeam, awayteam, homescore, awayscore, gamedate) values (78, 10, 7, 4, 4, '1983/04/26');
insert into game (gamenum, hometeam, awayteam, homescore, awayscore, gamedate) values (79, 4, 7, 6, 4, '1989/07/16');
insert into game (gamenum, hometeam, awayteam, homescore, awayscore, gamedate) values (80, 10, 9, 4, 10, '1971/10/30');
insert into game (gamenum, hometeam, awayteam, homescore, awayscore, gamedate) values (81, 9, 5, 0, 6, '1998/01/04');
insert into game (gamenum, hometeam, awayteam, homescore, awayscore, gamedate) values (82, 7, 8, 3, 1, '2015/12/22');
insert into game (gamenum, hometeam, awayteam, homescore, awayscore, gamedate) values (83, 12, 2, 0, 1, '1995/11/18');
insert into game (gamenum, hometeam, awayteam, homescore, awayscore, gamedate) values (84, 1, 10, 9, 7, '1983/05/27');
insert into game (gamenum, hometeam, awayteam, homescore, awayscore, gamedate) values (85, 4, 12, 7, 7, '1985/08/14');
insert into game (gamenum, hometeam, awayteam, homescore, awayscore, gamedate) values (86, 9, 4, 10, 2, '1999/07/03');
insert into game (gamenum, hometeam, awayteam, homescore, awayscore, gamedate) values (87, 3, 6, 4, 3, '1983/09/27');
insert into game (gamenum, hometeam, awayteam, homescore, awayscore, gamedate) values (88, 5, 2, 0, 3, '2008/08/31');
insert into game (gamenum, hometeam, awayteam, homescore, awayscore, gamedate) values (89, 11, 4, 3, 10, '2001/12/31');
insert into game (gamenum, hometeam, awayteam, homescore, awayscore, gamedate) values (90, 4, 5, 7, 0, '2012/12/31');
insert into game (gamenum, hometeam, awayteam, homescore, awayscore, gamedate) values (91, 5, 10, 7, 5, '1972/06/02');
insert into game (gamenum, hometeam, awayteam, homescore, awayscore, gamedate) values (92, 9, 4, 4, 0, '1977/12/08');
insert into game (gamenum, hometeam, awayteam, homescore, awayscore, gamedate) values (93, 8, 8, 1, 10, '1982/07/31');
insert into game (gamenum, hometeam, awayteam, homescore, awayscore, gamedate) values (94, 11, 6, 0, 8, '2002/08/08');
insert into game (gamenum, hometeam, awayteam, homescore, awayscore, gamedate) values (95, 12, 12, 0, 0, '2009/09/06');
insert into game (gamenum, hometeam, awayteam, homescore, awayscore, gamedate) values (96, 9, 6, 0, 3, '1983/10/22');
insert into game (gamenum, hometeam, awayteam, homescore, awayscore, gamedate) values (97, 8, 5, 4, 8, '1984/11/06');
insert into game (gamenum, hometeam, awayteam, homescore, awayscore, gamedate) values (98, 10, 7, 1, 5, '2004/04/22');
insert into game (gamenum, hometeam, awayteam, homescore, awayscore, gamedate) values (99, 8, 10, 5, 9, '1999/04/10');
insert into game (gamenum, hometeam, awayteam, homescore, awayscore, gamedate) values (100, 6, 4, 2, 3, '1996/04/23');
insert into game (gamenum, hometeam, awayteam, homescore, awayscore, gamedate) values (101, 2, 5, 10, 5, '2014/03/14');
insert into game (gamenum, hometeam, awayteam, homescore, awayscore, gamedate) values (102, 4, 9, 10, 2, '1997/07/29');
insert into game (gamenum, hometeam, awayteam, homescore, awayscore, gamedate) values (103, 4, 10, 10, 5, '1999/04/14');
insert into game (gamenum, hometeam, awayteam, homescore, awayscore, gamedate) values (104, 5, 6, 10, 5, '1974/07/23');
insert into game (gamenum, hometeam, awayteam, homescore, awayscore, gamedate) values (105, 6, 12, 6, 6, '1997/06/07');
insert into game (gamenum, hometeam, awayteam, homescore, awayscore, gamedate) values (106, 4, 1, 3, 2, '2016/10/17');
insert into game (gamenum, hometeam, awayteam, homescore, awayscore, gamedate) values (107, 12, 10, 3, 4, '2003/02/04');
insert into game (gamenum, hometeam, awayteam, homescore, awayscore, gamedate) values (108, 9, 4, 4, 0, '1982/02/19');
insert into game (gamenum, hometeam, awayteam, homescore, awayscore, gamedate) values (109, 12, 1, 5, 5, '1999/01/18');
insert into game (gamenum, hometeam, awayteam, homescore, awayscore, gamedate) values (110, 3, 4, 6, 5, '1982/01/29');
insert into game (gamenum, hometeam, awayteam, homescore, awayscore, gamedate) values (111, 4, 5, 4, 2, '1992/08/18');
insert into game (gamenum, hometeam, awayteam, homescore, awayscore, gamedate) values (112, 12, 9, 9, 8, '2014/05/15');
insert into game (gamenum, hometeam, awayteam, homescore, awayscore, gamedate) values (113, 9, 2, 7, 0, '1993/01/28');
insert into game (gamenum, hometeam, awayteam, homescore, awayscore, gamedate) values (114, 5, 3, 7, 4, '1971/10/25');
insert into game (gamenum, hometeam, awayteam, homescore, awayscore, gamedate) values (115, 10, 1, 7, 1, '2008/07/04');
insert into game (gamenum, hometeam, awayteam, homescore, awayscore, gamedate) values (116, 12, 10, 1, 4, '1981/04/09');
insert into game (gamenum, hometeam, awayteam, homescore, awayscore, gamedate) values (117, 5, 1, 10, 7, '2002/07/14');
insert into game (gamenum, hometeam, awayteam, homescore, awayscore, gamedate) values (118, 11, 10, 6, 4, '2016/01/14');
insert into game (gamenum, hometeam, awayteam, homescore, awayscore, gamedate) values (119, 1, 11, 1, 0, '1973/11/02');
insert into game (gamenum, hometeam, awayteam, homescore, awayscore, gamedate) values (120, 3, 3, 10, 5, '2010/07/12');
insert into game (gamenum, hometeam, awayteam, homescore, awayscore, gamedate) values (121, 2, 6, 1, 5, '1980/06/08');
insert into game (gamenum, hometeam, awayteam, homescore, awayscore, gamedate) values (122, 7, 10, 2, 6, '1975/12/11');
insert into game (gamenum, hometeam, awayteam, homescore, awayscore, gamedate) values (123, 6, 11, 5, 8, '2018/10/09');
insert into game (gamenum, hometeam, awayteam, homescore, awayscore, gamedate) values (124, 5, 8, 4, 10, '1982/06/27');
insert into game (gamenum, hometeam, awayteam, homescore, awayscore, gamedate) values (125, 7, 9, 5, 1, '1994/12/04');
insert into game (gamenum, hometeam, awayteam, homescore, awayscore, gamedate) values (126, 1, 8, 7, 4, '2019/04/29');
insert into game (gamenum, hometeam, awayteam, homescore, awayscore, gamedate) values (127, 5, 12, 5, 1, '2001/07/11');
insert into game (gamenum, hometeam, awayteam, homescore, awayscore, gamedate) values (128, 12, 6, 9, 5, '1978/12/04');
insert into game (gamenum, hometeam, awayteam, homescore, awayscore, gamedate) values (129, 9, 3, 10, 4, '1997/07/25');
insert into game (gamenum, hometeam, awayteam, homescore, awayscore, gamedate) values (130, 3, 7, 7, 5, '1984/03/11');
insert into game (gamenum, hometeam, awayteam, homescore, awayscore, gamedate) values (131, 2, 12, 1, 9, '1976/08/26');
insert into game (gamenum, hometeam, awayteam, homescore, awayscore, gamedate) values (132, 5, 10, 4, 5, '1974/03/29');
insert into game (gamenum, hometeam, awayteam, homescore, awayscore, gamedate) values (133, 5, 9, 7, 10, '2015/05/12');
insert into game (gamenum, hometeam, awayteam, homescore, awayscore, gamedate) values (134, 7, 7, 1, 2, '2018/05/06');
insert into game (gamenum, hometeam, awayteam, homescore, awayscore, gamedate) values (135, 5, 10, 7, 9, '1995/10/03');
insert into game (gamenum, hometeam, awayteam, homescore, awayscore, gamedate) values (136, 9, 11, 7, 7, '1971/10/12');
insert into game (gamenum, hometeam, awayteam, homescore, awayscore, gamedate) values (137, 8, 8, 10, 2, '2000/04/19');
insert into game (gamenum, hometeam, awayteam, homescore, awayscore, gamedate) values (138, 7, 1, 0, 3, '2014/07/08');
insert into game (gamenum, hometeam, awayteam, homescore, awayscore, gamedate) values (139, 2, 1, 6, 9, '2019/07/05');
insert into game (gamenum, hometeam, awayteam, homescore, awayscore, gamedate) values (140, 6, 7, 1, 7, '1987/08/10');
insert into game (gamenum, hometeam, awayteam, homescore, awayscore, gamedate) values (141, 1, 1, 6, 2, '2007/06/06');
insert into game (gamenum, hometeam, awayteam, homescore, awayscore, gamedate) values (142, 11, 7, 10, 9, '2006/01/29');
insert into game (gamenum, hometeam, awayteam, homescore, awayscore, gamedate) values (143, 8, 5, 7, 8, '2013/01/24');
insert into game (gamenum, hometeam, awayteam, homescore, awayscore, gamedate) values (144, 10, 3, 5, 10, '1989/06/05');
insert into game (gamenum, hometeam, awayteam, homescore, awayscore, gamedate) values (145, 5, 11, 6, 10, '1978/12/06');
insert into game (gamenum, hometeam, awayteam, homescore, awayscore, gamedate) values (146, 5, 11, 4, 1, '1988/12/31');
insert into game (gamenum, hometeam, awayteam, homescore, awayscore, gamedate) values (147, 8, 11, 1, 0, '1983/03/15');
insert into game (gamenum, hometeam, awayteam, homescore, awayscore, gamedate) values (148, 4, 5, 6, 3, '2011/09/10');
insert into game (gamenum, hometeam, awayteam, homescore, awayscore, gamedate) values (149, 9, 10, 7, 9, '1971/09/22');
insert into game (gamenum, hometeam, awayteam, homescore, awayscore, gamedate) values (150, 7, 6, 2, 6, '1975/01/23');
insert into game (gamenum, hometeam, awayteam, homescore, awayscore, gamedate) values (151, 12, 6, 5, 2, '1983/06/09');
insert into game (gamenum, hometeam, awayteam, homescore, awayscore, gamedate) values (152, 9, 9, 9, 3, '1983/06/09');
insert into game (gamenum, hometeam, awayteam, homescore, awayscore, gamedate) values (153, 5, 5, 1, 1, '2004/07/31');
insert into game (gamenum, hometeam, awayteam, homescore, awayscore, gamedate) values (154, 3, 7, 1, 2, '1988/08/08');
insert into game (gamenum, hometeam, awayteam, homescore, awayscore, gamedate) values (155, 3, 3, 7, 9, '1971/09/08');
insert into game (gamenum, hometeam, awayteam, homescore, awayscore, gamedate) values (156, 9, 6, 1, 3, '1971/04/19');
insert into game (gamenum, hometeam, awayteam, homescore, awayscore, gamedate) values (157, 4, 10, 9, 1, '1974/01/07');
insert into game (gamenum, hometeam, awayteam, homescore, awayscore, gamedate) values (158, 4, 10, 0, 0, '1989/09/17');
insert into game (gamenum, hometeam, awayteam, homescore, awayscore, gamedate) values (159, 2, 5, 9, 1, '1991/09/23');
insert into game (gamenum, hometeam, awayteam, homescore, awayscore, gamedate) values (160, 6, 12, 8, 3, '1983/07/06');
insert into game (gamenum, hometeam, awayteam, homescore, awayscore, gamedate) values (161, 10, 3, 6, 0, '1984/10/16');
insert into game (gamenum, hometeam, awayteam, homescore, awayscore, gamedate) values (162, 12, 12, 7, 4, '1995/01/21');
insert into game (gamenum, hometeam, awayteam, homescore, awayscore, gamedate) values (163, 6, 2, 8, 4, '2004/06/07');
insert into game (gamenum, hometeam, awayteam, homescore, awayscore, gamedate) values (164, 3, 12, 6, 10, '1988/11/18');
insert into game (gamenum, hometeam, awayteam, homescore, awayscore, gamedate) values (165, 4, 7, 1, 0, '1999/02/23');
insert into game (gamenum, hometeam, awayteam, homescore, awayscore, gamedate) values (166, 4, 5, 8, 0, '2019/07/04');
insert into game (gamenum, hometeam, awayteam, homescore, awayscore, gamedate) values (167, 4, 4, 8, 3, '2011/07/15');
insert into game (gamenum, hometeam, awayteam, homescore, awayscore, gamedate) values (168, 4, 1, 5, 2, '2018/04/05');
insert into game (gamenum, hometeam, awayteam, homescore, awayscore, gamedate) values (169, 2, 9, 0, 10, '1971/11/27');
insert into game (gamenum, hometeam, awayteam, homescore, awayscore, gamedate) values (170, 2, 4, 10, 6, '2014/11/04');
insert into game (gamenum, hometeam, awayteam, homescore, awayscore, gamedate) values (171, 6, 3, 0, 0, '2001/04/14');
insert into game (gamenum, hometeam, awayteam, homescore, awayscore, gamedate) values (172, 10, 5, 3, 2, '1992/06/03');
insert into game (gamenum, hometeam, awayteam, homescore, awayscore, gamedate) values (173, 4, 9, 2, 9, '1981/09/18');
insert into game (gamenum, hometeam, awayteam, homescore, awayscore, gamedate) values (174, 1, 8, 4, 6, '1984/02/02');
insert into game (gamenum, hometeam, awayteam, homescore, awayscore, gamedate) values (175, 10, 6, 9, 8, '2000/11/17');
insert into game (gamenum, hometeam, awayteam, homescore, awayscore, gamedate) values (176, 12, 7, 9, 7, '1975/12/15');
insert into game (gamenum, hometeam, awayteam, homescore, awayscore, gamedate) values (177, 10, 3, 2, 5, '2008/05/06');
insert into game (gamenum, hometeam, awayteam, homescore, awayscore, gamedate) values (178, 6, 6, 10, 3, '2001/12/26');
insert into game (gamenum, hometeam, awayteam, homescore, awayscore, gamedate) values (179, 10, 9, 5, 2, '1998/06/09');
insert into game (gamenum, hometeam, awayteam, homescore, awayscore, gamedate) values (180, 1, 4, 3, 7, '2017/10/18');
insert into game (gamenum, hometeam, awayteam, homescore, awayscore, gamedate) values (181, 4, 11, 7, 10, '1998/05/12');
insert into game (gamenum, hometeam, awayteam, homescore, awayscore, gamedate) values (182, 3, 5, 5, 8, '2004/12/14');
insert into game (gamenum, hometeam, awayteam, homescore, awayscore, gamedate) values (183, 11, 12, 0, 8, '2018/11/17');
insert into game (gamenum, hometeam, awayteam, homescore, awayscore, gamedate) values (184, 9, 12, 8, 10, '1975/10/05');
insert into game (gamenum, hometeam, awayteam, homescore, awayscore, gamedate) values (185, 4, 7, 4, 4, '1987/01/01');
insert into game (gamenum, hometeam, awayteam, homescore, awayscore, gamedate) values (186, 1, 5, 7, 7, '2007/03/03');
insert into game (gamenum, hometeam, awayteam, homescore, awayscore, gamedate) values (187, 5, 1, 8, 4, '1977/04/30');
insert into game (gamenum, hometeam, awayteam, homescore, awayscore, gamedate) values (188, 10, 9, 6, 0, '1993/08/05');
insert into game (gamenum, hometeam, awayteam, homescore, awayscore, gamedate) values (189, 9, 10, 7, 2, '2000/12/21');
insert into game (gamenum, hometeam, awayteam, homescore, awayscore, gamedate) values (190, 8, 9, 9, 10, '2018/12/06');
insert into game (gamenum, hometeam, awayteam, homescore, awayscore, gamedate) values (191, 10, 3, 10, 1, '1981/04/08');
insert into game (gamenum, hometeam, awayteam, homescore, awayscore, gamedate) values (192, 11, 8, 6, 7, '1999/07/16');
insert into game (gamenum, hometeam, awayteam, homescore, awayscore, gamedate) values (193, 1, 3, 10, 3, '1983/08/24');
insert into game (gamenum, hometeam, awayteam, homescore, awayscore, gamedate) values (194, 6, 9, 9, 6, '1992/12/23');
insert into game (gamenum, hometeam, awayteam, homescore, awayscore, gamedate) values (195, 8, 7, 9, 3, '1984/01/14');
insert into game (gamenum, hometeam, awayteam, homescore, awayscore, gamedate) values (196, 1, 9, 9, 7, '2006/11/14');
insert into game (gamenum, hometeam, awayteam, homescore, awayscore, gamedate) values (197, 3, 1, 1, 0, '1975/07/22');
insert into game (gamenum, hometeam, awayteam, homescore, awayscore, gamedate) values (198, 11, 4, 8, 2, '1973/03/23');
insert into game (gamenum, hometeam, awayteam, homescore, awayscore, gamedate) values (199, 2, 1, 5, 4, '1975/07/16');
insert into game (gamenum, hometeam, awayteam, homescore, awayscore, gamedate) values (200, 9, 9, 1, 9, '2011/10/18');
insert into game (gamenum, hometeam, awayteam, homescore, awayscore, gamedate) values (201, 2, 11, 0, 2, '2018/09/30');
insert into game (gamenum, hometeam, awayteam, homescore, awayscore, gamedate) values (202, 6, 8, 0, 2, '1998/06/01');
insert into game (gamenum, hometeam, awayteam, homescore, awayscore, gamedate) values (203, 2, 4, 1, 3, '2002/11/22');
insert into game (gamenum, hometeam, awayteam, homescore, awayscore, gamedate) values (204, 1, 6, 10, 2, '2010/12/13');
insert into game (gamenum, hometeam, awayteam, homescore, awayscore, gamedate) values (205, 8, 4, 0, 1, '2019/08/13');
insert into game (gamenum, hometeam, awayteam, homescore, awayscore, gamedate) values (206, 4, 8, 7, 10, '1994/07/16');
insert into game (gamenum, hometeam, awayteam, homescore, awayscore, gamedate) values (207, 9, 3, 10, 10, '2002/12/15');
insert into game (gamenum, hometeam, awayteam, homescore, awayscore, gamedate) values (208, 1, 9, 1, 1, '1991/02/11');
insert into game (gamenum, hometeam, awayteam, homescore, awayscore, gamedate) values (209, 10, 12, 9, 7, '1996/07/23');
insert into game (gamenum, hometeam, awayteam, homescore, awayscore, gamedate) values (210, 4, 6, 4, 4, '2016/12/01');
insert into game (gamenum, hometeam, awayteam, homescore, awayscore, gamedate) values (211, 3, 12, 10, 10, '1994/10/01');
insert into game (gamenum, hometeam, awayteam, homescore, awayscore, gamedate) values (212, 7, 3, 8, 0, '1994/10/25');
insert into game (gamenum, hometeam, awayteam, homescore, awayscore, gamedate) values (213, 6, 2, 3, 4, '1977/08/11');
insert into game (gamenum, hometeam, awayteam, homescore, awayscore, gamedate) values (214, 10, 12, 6, 2, '2005/08/11');
insert into game (gamenum, hometeam, awayteam, homescore, awayscore, gamedate) values (215, 6, 1, 1, 10, '2002/06/08');
insert into game (gamenum, hometeam, awayteam, homescore, awayscore, gamedate) values (216, 7, 5, 1, 7, '1976/03/04');
insert into game (gamenum, hometeam, awayteam, homescore, awayscore, gamedate) values (217, 8, 1, 2, 4, '2001/09/05');
insert into game (gamenum, hometeam, awayteam, homescore, awayscore, gamedate) values (218, 5, 5, 3, 2, '1972/11/04');
insert into game (gamenum, hometeam, awayteam, homescore, awayscore, gamedate) values (219, 10, 7, 0, 6, '1988/01/23');
insert into game (gamenum, hometeam, awayteam, homescore, awayscore, gamedate) values (220, 5, 7, 3, 8, '2009/05/18');
insert into game (gamenum, hometeam, awayteam, homescore, awayscore, gamedate) values (221, 3, 2, 1, 5, '2007/08/04');
insert into game (gamenum, hometeam, awayteam, homescore, awayscore, gamedate) values (222, 2, 1, 7, 10, '1975/01/15');
insert into game (gamenum, hometeam, awayteam, homescore, awayscore, gamedate) values (223, 6, 6, 2, 3, '1991/04/08');
insert into game (gamenum, hometeam, awayteam, homescore, awayscore, gamedate) values (224, 7, 8, 8, 9, '2010/12/21');
insert into game (gamenum, hometeam, awayteam, homescore, awayscore, gamedate) values (225, 5, 5, 10, 5, '2009/11/21');
insert into game (gamenum, hometeam, awayteam, homescore, awayscore, gamedate) values (226, 10, 7, 7, 5, '2003/09/24');
insert into game (gamenum, hometeam, awayteam, homescore, awayscore, gamedate) values (227, 3, 11, 9, 5, '1980/12/11');
insert into game (gamenum, hometeam, awayteam, homescore, awayscore, gamedate) values (228, 7, 4, 6, 10, '2008/09/12');
insert into game (gamenum, hometeam, awayteam, homescore, awayscore, gamedate) values (229, 7, 9, 4, 0, '1980/05/22');
insert into game (gamenum, hometeam, awayteam, homescore, awayscore, gamedate) values (230, 2, 9, 3, 4, '2008/09/18');
insert into game (gamenum, hometeam, awayteam, homescore, awayscore, gamedate) values (231, 1, 5, 3, 2, '2006/10/02');
insert into game (gamenum, hometeam, awayteam, homescore, awayscore, gamedate) values (232, 3, 12, 1, 9, '1993/11/19');
insert into game (gamenum, hometeam, awayteam, homescore, awayscore, gamedate) values (233, 11, 12, 10, 1, '1997/04/10');
insert into game (gamenum, hometeam, awayteam, homescore, awayscore, gamedate) values (234, 9, 7, 10, 7, '1972/06/05');
insert into game (gamenum, hometeam, awayteam, homescore, awayscore, gamedate) values (235, 10, 1, 4, 1, '1986/12/15');
insert into game (gamenum, hometeam, awayteam, homescore, awayscore, gamedate) values (236, 2, 11, 3, 2, '1985/02/24');
insert into game (gamenum, hometeam, awayteam, homescore, awayscore, gamedate) values (237, 2, 12, 8, 4, '1987/01/22');
insert into game (gamenum, hometeam, awayteam, homescore, awayscore, gamedate) values (238, 5, 9, 5, 7, '1993/08/20');
insert into game (gamenum, hometeam, awayteam, homescore, awayscore, gamedate) values (239, 4, 8, 8, 6, '2008/04/06');
insert into game (gamenum, hometeam, awayteam, homescore, awayscore, gamedate) values (240, 1, 7, 8, 10, '2009/09/28');
insert into game (gamenum, hometeam, awayteam, homescore, awayscore, gamedate) values (241, 2, 3, 3, 8, '2004/04/10');
insert into game (gamenum, hometeam, awayteam, homescore, awayscore, gamedate) values (242, 4, 9, 6, 10, '2001/09/07');
insert into game (gamenum, hometeam, awayteam, homescore, awayscore, gamedate) values (243, 4, 3, 10, 10, '1984/11/20');
insert into game (gamenum, hometeam, awayteam, homescore, awayscore, gamedate) values (244, 4, 10, 3, 0, '2011/05/01');
insert into game (gamenum, hometeam, awayteam, homescore, awayscore, gamedate) values (245, 2, 11, 6, 10, '1984/10/26');
insert into game (gamenum, hometeam, awayteam, homescore, awayscore, gamedate) values (246, 4, 4, 4, 10, '1980/06/18');
insert into game (gamenum, hometeam, awayteam, homescore, awayscore, gamedate) values (247, 11, 9, 8, 3, '1973/11/12');
insert into game (gamenum, hometeam, awayteam, homescore, awayscore, gamedate) values (248, 10, 9, 6, 5, '1985/04/19');
insert into game (gamenum, hometeam, awayteam, homescore, awayscore, gamedate) values (249, 5, 12, 10, 10, '2017/03/14');
insert into game (gamenum, hometeam, awayteam, homescore, awayscore, gamedate) values (250, 5, 7, 7, 2, '1997/09/05');
insert into game (gamenum, hometeam, awayteam, homescore, awayscore, gamedate) values (251, 11, 4, 3, 3, '2012/06/04');
insert into game (gamenum, hometeam, awayteam, homescore, awayscore, gamedate) values (252, 7, 12, 8, 4, '1986/04/17');
insert into game (gamenum, hometeam, awayteam, homescore, awayscore, gamedate) values (253, 12, 9, 10, 6, '2019/02/28');
insert into game (gamenum, hometeam, awayteam, homescore, awayscore, gamedate) values (254, 10, 7, 4, 0, '1975/09/23');
insert into game (gamenum, hometeam, awayteam, homescore, awayscore, gamedate) values (255, 2, 12, 8, 5, '1983/02/10');
insert into game (gamenum, hometeam, awayteam, homescore, awayscore, gamedate) values (256, 11, 2, 5, 5, '1985/03/26');
insert into game (gamenum, hometeam, awayteam, homescore, awayscore, gamedate) values (257, 4, 8, 2, 0, '2001/06/05');
insert into game (gamenum, hometeam, awayteam, homescore, awayscore, gamedate) values (258, 4, 2, 8, 7, '1999/01/30');
insert into game (gamenum, hometeam, awayteam, homescore, awayscore, gamedate) values (259, 3, 3, 8, 1, '2003/10/13');
insert into game (gamenum, hometeam, awayteam, homescore, awayscore, gamedate) values (260, 5, 10, 4, 0, '2005/05/19');
insert into game (gamenum, hometeam, awayteam, homescore, awayscore, gamedate) values (261, 5, 11, 0, 8, '2018/03/28');
insert into game (gamenum, hometeam, awayteam, homescore, awayscore, gamedate) values (262, 1, 1, 8, 5, '1991/07/18');
insert into game (gamenum, hometeam, awayteam, homescore, awayscore, gamedate) values (263, 8, 2, 4, 10, '2010/06/02');
insert into game (gamenum, hometeam, awayteam, homescore, awayscore, gamedate) values (264, 5, 11, 7, 10, '1980/08/28');
insert into game (gamenum, hometeam, awayteam, homescore, awayscore, gamedate) values (265, 12, 8, 2, 7, '2013/10/28');
insert into game (gamenum, hometeam, awayteam, homescore, awayscore, gamedate) values (266, 4, 7, 2, 3, '1998/08/25');
insert into game (gamenum, hometeam, awayteam, homescore, awayscore, gamedate) values (267, 5, 8, 5, 5, '1982/03/17');
insert into game (gamenum, hometeam, awayteam, homescore, awayscore, gamedate) values (268, 5, 10, 3, 3, '2014/11/28');
insert into game (gamenum, hometeam, awayteam, homescore, awayscore, gamedate) values (269, 11, 3, 7, 2, '1988/01/12');
insert into game (gamenum, hometeam, awayteam, homescore, awayscore, gamedate) values (270, 11, 1, 5, 6, '2007/02/13');
insert into game (gamenum, hometeam, awayteam, homescore, awayscore, gamedate) values (271, 8, 2, 2, 2, '1990/07/15');
insert into game (gamenum, hometeam, awayteam, homescore, awayscore, gamedate) values (272, 10, 2, 4, 5, '1975/10/29');
insert into game (gamenum, hometeam, awayteam, homescore, awayscore, gamedate) values (273, 3, 6, 3, 3, '1988/11/26');
insert into game (gamenum, hometeam, awayteam, homescore, awayscore, gamedate) values (274, 2, 7, 4, 6, '2016/04/22');
insert into game (gamenum, hometeam, awayteam, homescore, awayscore, gamedate) values (275, 3, 8, 4, 7, '2012/02/29');
insert into game (gamenum, hometeam, awayteam, homescore, awayscore, gamedate) values (276, 2, 12, 1, 0, '1977/07/01');
insert into game (gamenum, hometeam, awayteam, homescore, awayscore, gamedate) values (277, 11, 7, 3, 6, '1974/01/02');
insert into game (gamenum, hometeam, awayteam, homescore, awayscore, gamedate) values (278, 7, 1, 0, 6, '1973/08/13');
insert into game (gamenum, hometeam, awayteam, homescore, awayscore, gamedate) values (279, 2, 4, 5, 2, '1980/01/17');
insert into game (gamenum, hometeam, awayteam, homescore, awayscore, gamedate) values (280, 6, 1, 2, 9, '1992/02/09');
insert into game (gamenum, hometeam, awayteam, homescore, awayscore, gamedate) values (281, 6, 11, 6, 4, '2001/11/05');
insert into game (gamenum, hometeam, awayteam, homescore, awayscore, gamedate) values (282, 2, 8, 6, 5, '2015/12/04');
insert into game (gamenum, hometeam, awayteam, homescore, awayscore, gamedate) values (283, 4, 9, 7, 9, '1990/07/25');
insert into game (gamenum, hometeam, awayteam, homescore, awayscore, gamedate) values (284, 4, 1, 8, 5, '1973/01/30');
insert into game (gamenum, hometeam, awayteam, homescore, awayscore, gamedate) values (285, 10, 2, 9, 4, '2007/11/10');
insert into game (gamenum, hometeam, awayteam, homescore, awayscore, gamedate) values (286, 6, 11, 0, 0, '1993/06/28');
insert into game (gamenum, hometeam, awayteam, homescore, awayscore, gamedate) values (287, 4, 6, 2, 4, '2008/06/08');
insert into game (gamenum, hometeam, awayteam, homescore, awayscore, gamedate) values (288, 12, 8, 3, 0, '2010/04/17');
insert into game (gamenum, hometeam, awayteam, homescore, awayscore, gamedate) values (289, 12, 2, 1, 10, '2014/07/17');
insert into game (gamenum, hometeam, awayteam, homescore, awayscore, gamedate) values (290, 12, 12, 4, 1, '1994/04/04');
insert into game (gamenum, hometeam, awayteam, homescore, awayscore, gamedate) values (291, 6, 4, 4, 6, '1998/01/09');
insert into game (gamenum, hometeam, awayteam, homescore, awayscore, gamedate) values (292, 4, 7, 3, 7, '2009/01/19');
insert into game (gamenum, hometeam, awayteam, homescore, awayscore, gamedate) values (293, 2, 10, 10, 2, '1991/06/12');
insert into game (gamenum, hometeam, awayteam, homescore, awayscore, gamedate) values (294, 12, 3, 10, 4, '1980/10/03');
insert into game (gamenum, hometeam, awayteam, homescore, awayscore, gamedate) values (295, 6, 7, 10, 8, '1983/12/05');
insert into game (gamenum, hometeam, awayteam, homescore, awayscore, gamedate) values (296, 4, 7, 9, 7, '2004/09/25');
insert into game (gamenum, hometeam, awayteam, homescore, awayscore, gamedate) values (297, 8, 7, 5, 8, '1978/05/28');
insert into game (gamenum, hometeam, awayteam, homescore, awayscore, gamedate) values (298, 4, 2, 2, 8, '2004/05/30');
insert into game (gamenum, hometeam, awayteam, homescore, awayscore, gamedate) values (299, 12, 1, 2, 9, '1980/05/28');
insert into game (gamenum, hometeam, awayteam, homescore, awayscore, gamedate) values (300, 5, 4, 3, 9, '2001/11/11');
insert into game (gamenum, hometeam, awayteam, homescore, awayscore, gamedate) values (301, 7, 9, 0, 0, '2011/02/19');
insert into game (gamenum, hometeam, awayteam, homescore, awayscore, gamedate) values (302, 1, 11, 5, 10, '1987/06/23');
insert into game (gamenum, hometeam, awayteam, homescore, awayscore, gamedate) values (303, 4, 9, 3, 3, '1997/05/04');
insert into game (gamenum, hometeam, awayteam, homescore, awayscore, gamedate) values (304, 2, 6, 7, 4, '2012/05/14');
insert into game (gamenum, hometeam, awayteam, homescore, awayscore, gamedate) values (305, 3, 1, 9, 7, '1996/01/20');
insert into game (gamenum, hometeam, awayteam, homescore, awayscore, gamedate) values (306, 7, 12, 1, 9, '1989/10/05');
insert into game (gamenum, hometeam, awayteam, homescore, awayscore, gamedate) values (307, 10, 1, 0, 10, '1971/04/10');
insert into game (gamenum, hometeam, awayteam, homescore, awayscore, gamedate) values (308, 1, 2, 7, 0, '1986/09/07');
insert into game (gamenum, hometeam, awayteam, homescore, awayscore, gamedate) values (309, 9, 12, 10, 0, '1977/02/21');
insert into game (gamenum, hometeam, awayteam, homescore, awayscore, gamedate) values (310, 1, 12, 1, 3, '1979/07/19');
insert into game (gamenum, hometeam, awayteam, homescore, awayscore, gamedate) values (311, 1, 6, 5, 10, '2017/08/12');
insert into game (gamenum, hometeam, awayteam, homescore, awayscore, gamedate) values (312, 9, 6, 6, 9, '1979/05/23');
insert into game (gamenum, hometeam, awayteam, homescore, awayscore, gamedate) values (313, 1, 2, 2, 3, '2018/09/01');
insert into game (gamenum, hometeam, awayteam, homescore, awayscore, gamedate) values (314, 7, 9, 2, 6, '1977/12/06');
insert into game (gamenum, hometeam, awayteam, homescore, awayscore, gamedate) values (315, 4, 6, 9, 7, '2019/03/12');
insert into game (gamenum, hometeam, awayteam, homescore, awayscore, gamedate) values (316, 1, 8, 7, 1, '2010/03/18');
insert into game (gamenum, hometeam, awayteam, homescore, awayscore, gamedate) values (317, 5, 4, 2, 5, '2013/10/27');
insert into game (gamenum, hometeam, awayteam, homescore, awayscore, gamedate) values (318, 9, 12, 1, 5, '2016/01/06');
insert into game (gamenum, hometeam, awayteam, homescore, awayscore, gamedate) values (319, 10, 1, 7, 6, '1998/10/09');
insert into game (gamenum, hometeam, awayteam, homescore, awayscore, gamedate) values (320, 10, 9, 3, 9, '1980/02/01');
insert into game (gamenum, hometeam, awayteam, homescore, awayscore, gamedate) values (321, 3, 3, 8, 10, '1999/01/05');
insert into game (gamenum, hometeam, awayteam, homescore, awayscore, gamedate) values (322, 7, 9, 3, 1, '2003/04/17');
insert into game (gamenum, hometeam, awayteam, homescore, awayscore, gamedate) values (323, 8, 12, 3, 4, '2016/06/04');
insert into game (gamenum, hometeam, awayteam, homescore, awayscore, gamedate) values (324, 3, 4, 5, 4, '1995/09/29');
insert into game (gamenum, hometeam, awayteam, homescore, awayscore, gamedate) values (325, 4, 12, 4, 6, '2017/12/21');
insert into game (gamenum, hometeam, awayteam, homescore, awayscore, gamedate) values (326, 3, 3, 1, 7, '2008/07/03');
insert into game (gamenum, hometeam, awayteam, homescore, awayscore, gamedate) values (327, 12, 10, 6, 7, '1996/03/08');
insert into game (gamenum, hometeam, awayteam, homescore, awayscore, gamedate) values (328, 6, 1, 1, 10, '1977/05/24');
insert into game (gamenum, hometeam, awayteam, homescore, awayscore, gamedate) values (329, 3, 11, 2, 7, '2001/02/03');
insert into game (gamenum, hometeam, awayteam, homescore, awayscore, gamedate) values (330, 8, 10, 3, 0, '1997/09/16');
insert into game (gamenum, hometeam, awayteam, homescore, awayscore, gamedate) values (331, 3, 9, 10, 2, '1997/10/16');
insert into game (gamenum, hometeam, awayteam, homescore, awayscore, gamedate) values (332, 4, 2, 10, 2, '2015/07/13');
insert into game (gamenum, hometeam, awayteam, homescore, awayscore, gamedate) values (333, 7, 8, 1, 5, '2017/10/10');
insert into game (gamenum, hometeam, awayteam, homescore, awayscore, gamedate) values (334, 8, 10, 8, 7, '2000/04/04');
insert into game (gamenum, hometeam, awayteam, homescore, awayscore, gamedate) values (335, 4, 7, 9, 0, '1978/04/08');
insert into game (gamenum, hometeam, awayteam, homescore, awayscore, gamedate) values (336, 10, 4, 9, 1, '1992/04/12');
insert into game (gamenum, hometeam, awayteam, homescore, awayscore, gamedate) values (337, 1, 2, 5, 5, '2011/08/07');
insert into game (gamenum, hometeam, awayteam, homescore, awayscore, gamedate) values (338, 8, 10, 7, 0, '1982/04/06');
insert into game (gamenum, hometeam, awayteam, homescore, awayscore, gamedate) values (339, 3, 2, 2, 8, '2003/11/09');
insert into game (gamenum, hometeam, awayteam, homescore, awayscore, gamedate) values (340, 5, 1, 8, 7, '1996/08/12');
insert into game (gamenum, hometeam, awayteam, homescore, awayscore, gamedate) values (341, 4, 7, 9, 1, '2019/07/19');
insert into game (gamenum, hometeam, awayteam, homescore, awayscore, gamedate) values (342, 6, 7, 5, 3, '2019/10/07');
insert into game (gamenum, hometeam, awayteam, homescore, awayscore, gamedate) values (343, 6, 8, 1, 5, '1986/08/25');
insert into game (gamenum, hometeam, awayteam, homescore, awayscore, gamedate) values (344, 12, 11, 8, 0, '1993/06/09');
insert into game (gamenum, hometeam, awayteam, homescore, awayscore, gamedate) values (345, 8, 12, 3, 5, '2003/01/30');
insert into game (gamenum, hometeam, awayteam, homescore, awayscore, gamedate) values (346, 4, 6, 6, 1, '2012/08/25');
insert into game (gamenum, hometeam, awayteam, homescore, awayscore, gamedate) values (347, 1, 1, 5, 10, '1985/12/25');
insert into game (gamenum, hometeam, awayteam, homescore, awayscore, gamedate) values (348, 6, 4, 1, 3, '1989/07/13');
insert into game (gamenum, hometeam, awayteam, homescore, awayscore, gamedate) values (349, 11, 9, 3, 8, '1998/08/19');
insert into game (gamenum, hometeam, awayteam, homescore, awayscore, gamedate) values (350, 1, 1, 3, 4, '2019/08/13');
insert into game (gamenum, hometeam, awayteam, homescore, awayscore, gamedate) values (351, 4, 2, 5, 8, '1985/10/16');
insert into game (gamenum, hometeam, awayteam, homescore, awayscore, gamedate) values (352, 2, 8, 7, 6, '2003/04/14');
insert into game (gamenum, hometeam, awayteam, homescore, awayscore, gamedate) values (353, 5, 3, 6, 5, '1981/01/12');
insert into game (gamenum, hometeam, awayteam, homescore, awayscore, gamedate) values (354, 1, 9, 9, 2, '2003/03/11');
insert into game (gamenum, hometeam, awayteam, homescore, awayscore, gamedate) values (355, 9, 2, 5, 8, '2006/04/16');
insert into game (gamenum, hometeam, awayteam, homescore, awayscore, gamedate) values (356, 10, 10, 7, 5, '1983/01/24');
insert into game (gamenum, hometeam, awayteam, homescore, awayscore, gamedate) values (357, 8, 5, 3, 6, '1996/04/07');
insert into game (gamenum, hometeam, awayteam, homescore, awayscore, gamedate) values (358, 9, 12, 8, 2, '1995/04/29');
insert into game (gamenum, hometeam, awayteam, homescore, awayscore, gamedate) values (359, 6, 12, 3, 2, '1983/03/08');
insert into game (gamenum, hometeam, awayteam, homescore, awayscore, gamedate) values (360, 9, 5, 10, 6, '1981/03/07');
insert into game (gamenum, hometeam, awayteam, homescore, awayscore, gamedate) values (361, 10, 3, 1, 4, '2018/07/07');
insert into game (gamenum, hometeam, awayteam, homescore, awayscore, gamedate) values (362, 5, 4, 2, 7, '1998/11/03');
insert into game (gamenum, hometeam, awayteam, homescore, awayscore, gamedate) values (363, 6, 2, 3, 10, '2003/05/18');
insert into game (gamenum, hometeam, awayteam, homescore, awayscore, gamedate) values (364, 10, 1, 1, 9, '1985/06/20');
insert into game (gamenum, hometeam, awayteam, homescore, awayscore, gamedate) values (365, 7, 7, 4, 9, '2000/03/29');
insert into game (gamenum, hometeam, awayteam, homescore, awayscore, gamedate) values (366, 4, 7, 3, 1, '2005/05/13');
insert into game (gamenum, hometeam, awayteam, homescore, awayscore, gamedate) values (367, 4, 1, 6, 9, '2000/06/12');
insert into game (gamenum, hometeam, awayteam, homescore, awayscore, gamedate) values (368, 9, 7, 7, 7, '1972/10/04');
insert into game (gamenum, hometeam, awayteam, homescore, awayscore, gamedate) values (369, 2, 12, 6, 5, '1983/09/25');
insert into game (gamenum, hometeam, awayteam, homescore, awayscore, gamedate) values (370, 8, 12, 1, 7, '1974/06/26');
insert into game (gamenum, hometeam, awayteam, homescore, awayscore, gamedate) values (371, 2, 10, 5, 3, '1985/03/08');
insert into game (gamenum, hometeam, awayteam, homescore, awayscore, gamedate) values (372, 11, 7, 9, 4, '2019/03/09');
insert into game (gamenum, hometeam, awayteam, homescore, awayscore, gamedate) values (373, 8, 4, 9, 4, '1994/03/04');
insert into game (gamenum, hometeam, awayteam, homescore, awayscore, gamedate) values (374, 4, 4, 2, 3, '2008/10/29');
insert into game (gamenum, hometeam, awayteam, homescore, awayscore, gamedate) values (375, 6, 4, 1, 5, '2004/05/31');
insert into game (gamenum, hometeam, awayteam, homescore, awayscore, gamedate) values (376, 2, 4, 1, 2, '1989/11/26');
insert into game (gamenum, hometeam, awayteam, homescore, awayscore, gamedate) values (377, 10, 5, 10, 5, '1983/01/22');
insert into game (gamenum, hometeam, awayteam, homescore, awayscore, gamedate) values (378, 6, 12, 9, 9, '2001/10/03');
insert into game (gamenum, hometeam, awayteam, homescore, awayscore, gamedate) values (379, 6, 1, 0, 6, '1972/02/15');
insert into game (gamenum, hometeam, awayteam, homescore, awayscore, gamedate) values (380, 7, 5, 1, 7, '2010/02/04');
insert into game (gamenum, hometeam, awayteam, homescore, awayscore, gamedate) values (381, 5, 12, 1, 1, '1973/10/01');
insert into game (gamenum, hometeam, awayteam, homescore, awayscore, gamedate) values (382, 11, 12, 5, 0, '1987/07/06');
insert into game (gamenum, hometeam, awayteam, homescore, awayscore, gamedate) values (383, 10, 2, 5, 4, '1998/06/19');
insert into game (gamenum, hometeam, awayteam, homescore, awayscore, gamedate) values (384, 12, 8, 9, 6, '2009/03/18');
insert into game (gamenum, hometeam, awayteam, homescore, awayscore, gamedate) values (385, 8, 11, 8, 5, '1971/08/18');
insert into game (gamenum, hometeam, awayteam, homescore, awayscore, gamedate) values (386, 6, 10, 3, 4, '1978/03/14');
insert into game (gamenum, hometeam, awayteam, homescore, awayscore, gamedate) values (387, 3, 1, 9, 6, '2005/07/31');
insert into game (gamenum, hometeam, awayteam, homescore, awayscore, gamedate) values (388, 8, 10, 9, 8, '1993/10/30');
insert into game (gamenum, hometeam, awayteam, homescore, awayscore, gamedate) values (389, 8, 1, 10, 6, '2015/09/22');
insert into game (gamenum, hometeam, awayteam, homescore, awayscore, gamedate) values (390, 1, 7, 2, 4, '1975/07/12');
insert into game (gamenum, hometeam, awayteam, homescore, awayscore, gamedate) values (391, 4, 5, 8, 5, '1999/09/27');
insert into game (gamenum, hometeam, awayteam, homescore, awayscore, gamedate) values (392, 1, 11, 8, 8, '2016/07/06');
insert into game (gamenum, hometeam, awayteam, homescore, awayscore, gamedate) values (393, 10, 12, 1, 2, '1996/01/12');
insert into game (gamenum, hometeam, awayteam, homescore, awayscore, gamedate) values (394, 4, 10, 1, 6, '1971/08/12');
insert into game (gamenum, hometeam, awayteam, homescore, awayscore, gamedate) values (395, 11, 3, 2, 2, '1998/04/26');
insert into game (gamenum, hometeam, awayteam, homescore, awayscore, gamedate) values (396, 11, 10, 0, 8, '1981/12/09');
insert into game (gamenum, hometeam, awayteam, homescore, awayscore, gamedate) values (397, 3, 10, 5, 8, '1976/07/12');
insert into game (gamenum, hometeam, awayteam, homescore, awayscore, gamedate) values (398, 5, 1, 4, 9, '1971/12/15');
insert into game (gamenum, hometeam, awayteam, homescore, awayscore, gamedate) values (399, 5, 10, 1, 3, '1975/07/13');
insert into game (gamenum, hometeam, awayteam, homescore, awayscore, gamedate) values (400, 5, 10, 10, 3, '1972/07/15');
insert into game (gamenum, hometeam, awayteam, homescore, awayscore, gamedate) values (401, 2, 10, 3, 1, '1985/02/18');
insert into game (gamenum, hometeam, awayteam, homescore, awayscore, gamedate) values (402, 12, 3, 2, 6, '1980/08/22');
insert into game (gamenum, hometeam, awayteam, homescore, awayscore, gamedate) values (403, 8, 5, 8, 10, '1986/01/21');
insert into game (gamenum, hometeam, awayteam, homescore, awayscore, gamedate) values (404, 1, 12, 5, 4, '1987/01/27');
insert into game (gamenum, hometeam, awayteam, homescore, awayscore, gamedate) values (405, 8, 4, 6, 5, '2004/11/21');
insert into game (gamenum, hometeam, awayteam, homescore, awayscore, gamedate) values (406, 5, 4, 9, 7, '2004/11/10');
insert into game (gamenum, hometeam, awayteam, homescore, awayscore, gamedate) values (407, 4, 10, 7, 4, '2010/02/28');
insert into game (gamenum, hometeam, awayteam, homescore, awayscore, gamedate) values (408, 9, 11, 2, 9, '2015/06/19');
insert into game (gamenum, hometeam, awayteam, homescore, awayscore, gamedate) values (409, 2, 10, 9, 9, '2019/01/15');
insert into game (gamenum, hometeam, awayteam, homescore, awayscore, gamedate) values (410, 7, 3, 2, 8, '2018/04/12');
insert into game (gamenum, hometeam, awayteam, homescore, awayscore, gamedate) values (411, 5, 7, 10, 0, '2007/07/22');
insert into game (gamenum, hometeam, awayteam, homescore, awayscore, gamedate) values (412, 5, 12, 10, 10, '2006/10/27');
insert into game (gamenum, hometeam, awayteam, homescore, awayscore, gamedate) values (413, 6, 7, 7, 10, '2015/04/05');
insert into game (gamenum, hometeam, awayteam, homescore, awayscore, gamedate) values (414, 7, 8, 10, 6, '1986/01/29');
insert into game (gamenum, hometeam, awayteam, homescore, awayscore, gamedate) values (415, 4, 4, 4, 1, '2019/10/18');
insert into game (gamenum, hometeam, awayteam, homescore, awayscore, gamedate) values (416, 4, 9, 4, 5, '1994/08/15');
insert into game (gamenum, hometeam, awayteam, homescore, awayscore, gamedate) values (417, 8, 7, 10, 3, '1973/03/15');
insert into game (gamenum, hometeam, awayteam, homescore, awayscore, gamedate) values (418, 11, 6, 10, 2, '2009/07/22');
insert into game (gamenum, hometeam, awayteam, homescore, awayscore, gamedate) values (419, 3, 5, 7, 0, '1981/05/08');
insert into game (gamenum, hometeam, awayteam, homescore, awayscore, gamedate) values (420, 3, 6, 0, 6, '2010/07/07');
insert into game (gamenum, hometeam, awayteam, homescore, awayscore, gamedate) values (421, 5, 11, 3, 3, '1988/10/13');
insert into game (gamenum, hometeam, awayteam, homescore, awayscore, gamedate) values (422, 6, 9, 2, 4, '2008/10/06');
insert into game (gamenum, hometeam, awayteam, homescore, awayscore, gamedate) values (423, 5, 9, 4, 1, '1989/01/07');
insert into game (gamenum, hometeam, awayteam, homescore, awayscore, gamedate) values (424, 5, 9, 9, 2, '1999/03/08');
insert into game (gamenum, hometeam, awayteam, homescore, awayscore, gamedate) values (425, 6, 1, 4, 4, '2008/10/01');
insert into game (gamenum, hometeam, awayteam, homescore, awayscore, gamedate) values (426, 2, 9, 3, 6, '2010/08/16');
insert into game (gamenum, hometeam, awayteam, homescore, awayscore, gamedate) values (427, 4, 7, 8, 2, '1972/11/16');
insert into game (gamenum, hometeam, awayteam, homescore, awayscore, gamedate) values (428, 12, 7, 6, 5, '1997/09/05');
insert into game (gamenum, hometeam, awayteam, homescore, awayscore, gamedate) values (429, 1, 11, 8, 7, '1997/09/01');
insert into game (gamenum, hometeam, awayteam, homescore, awayscore, gamedate) values (430, 11, 12, 7, 5, '1972/10/21');
insert into game (gamenum, hometeam, awayteam, homescore, awayscore, gamedate) values (431, 3, 6, 10, 2, '1988/03/17');
insert into game (gamenum, hometeam, awayteam, homescore, awayscore, gamedate) values (432, 2, 2, 3, 2, '2010/06/24');
insert into game (gamenum, hometeam, awayteam, homescore, awayscore, gamedate) values (433, 10, 5, 8, 5, '1989/07/16');
insert into game (gamenum, hometeam, awayteam, homescore, awayscore, gamedate) values (434, 6, 4, 8, 0, '2008/03/05');
insert into game (gamenum, hometeam, awayteam, homescore, awayscore, gamedate) values (435, 4, 11, 1, 10, '1995/03/12');
insert into game (gamenum, hometeam, awayteam, homescore, awayscore, gamedate) values (436, 12, 4, 4, 10, '1995/11/12');
insert into game (gamenum, hometeam, awayteam, homescore, awayscore, gamedate) values (437, 3, 9, 3, 3, '1997/10/07');
insert into game (gamenum, hometeam, awayteam, homescore, awayscore, gamedate) values (438, 7, 5, 10, 7, '1994/03/05');
insert into game (gamenum, hometeam, awayteam, homescore, awayscore, gamedate) values (439, 1, 3, 8, 10, '1978/11/24');
insert into game (gamenum, hometeam, awayteam, homescore, awayscore, gamedate) values (440, 1, 8, 8, 7, '2017/10/05');
insert into game (gamenum, hometeam, awayteam, homescore, awayscore, gamedate) values (441, 5, 3, 6, 5, '2008/10/01');
insert into game (gamenum, hometeam, awayteam, homescore, awayscore, gamedate) values (442, 9, 12, 8, 10, '1986/12/12');
insert into game (gamenum, hometeam, awayteam, homescore, awayscore, gamedate) values (443, 3, 8, 5, 1, '1978/11/25');
insert into game (gamenum, hometeam, awayteam, homescore, awayscore, gamedate) values (444, 3, 2, 7, 8, '2007/07/28');
insert into game (gamenum, hometeam, awayteam, homescore, awayscore, gamedate) values (445, 6, 4, 2, 1, '1983/01/12');
insert into game (gamenum, hometeam, awayteam, homescore, awayscore, gamedate) values (446, 3, 9, 0, 3, '1983/03/14');
insert into game (gamenum, hometeam, awayteam, homescore, awayscore, gamedate) values (447, 5, 6, 6, 1, '2002/09/25');
insert into game (gamenum, hometeam, awayteam, homescore, awayscore, gamedate) values (448, 5, 2, 0, 7, '2009/03/12');
insert into game (gamenum, hometeam, awayteam, homescore, awayscore, gamedate) values (449, 7, 3, 0, 6, '1972/10/22');
insert into game (gamenum, hometeam, awayteam, homescore, awayscore, gamedate) values (450, 7, 5, 5, 1, '2013/12/29');
insert into game (gamenum, hometeam, awayteam, homescore, awayscore, gamedate) values (451, 5, 12, 9, 6, '1988/07/27');
insert into game (gamenum, hometeam, awayteam, homescore, awayscore, gamedate) values (452, 7, 7, 8, 2, '1989/12/13');
insert into game (gamenum, hometeam, awayteam, homescore, awayscore, gamedate) values (453, 8, 11, 8, 1, '2009/06/28');
insert into game (gamenum, hometeam, awayteam, homescore, awayscore, gamedate) values (454, 2, 6, 8, 7, '1993/07/18');
insert into game (gamenum, hometeam, awayteam, homescore, awayscore, gamedate) values (455, 5, 7, 2, 2, '1992/06/18');
insert into game (gamenum, hometeam, awayteam, homescore, awayscore, gamedate) values (456, 2, 2, 6, 2, '1984/01/29');
insert into game (gamenum, hometeam, awayteam, homescore, awayscore, gamedate) values (457, 6, 2, 4, 4, '2017/10/13');
insert into game (gamenum, hometeam, awayteam, homescore, awayscore, gamedate) values (458, 11, 10, 5, 5, '1981/02/18');
insert into game (gamenum, hometeam, awayteam, homescore, awayscore, gamedate) values (459, 3, 7, 5, 2, '2019/07/01');
insert into game (gamenum, hometeam, awayteam, homescore, awayscore, gamedate) values (460, 6, 9, 0, 1, '2018/02/01');
insert into game (gamenum, hometeam, awayteam, homescore, awayscore, gamedate) values (461, 11, 1, 5, 6, '2013/06/11');
insert into game (gamenum, hometeam, awayteam, homescore, awayscore, gamedate) values (462, 11, 1, 9, 2, '2019/08/10');
insert into game (gamenum, hometeam, awayteam, homescore, awayscore, gamedate) values (463, 7, 3, 3, 10, '1990/06/30');
insert into game (gamenum, hometeam, awayteam, homescore, awayscore, gamedate) values (464, 7, 11, 7, 8, '1972/03/16');
insert into game (gamenum, hometeam, awayteam, homescore, awayscore, gamedate) values (465, 2, 9, 4, 1, '2013/03/28');
insert into game (gamenum, hometeam, awayteam, homescore, awayscore, gamedate) values (466, 1, 9, 3, 2, '1980/10/25');
insert into game (gamenum, hometeam, awayteam, homescore, awayscore, gamedate) values (467, 11, 8, 6, 3, '1986/01/27');
insert into game (gamenum, hometeam, awayteam, homescore, awayscore, gamedate) values (468, 1, 4, 9, 5, '1997/12/17');
insert into game (gamenum, hometeam, awayteam, homescore, awayscore, gamedate) values (469, 10, 5, 8, 3, '1980/12/27');
insert into game (gamenum, hometeam, awayteam, homescore, awayscore, gamedate) values (470, 7, 7, 3, 3, '2019/10/23');
insert into game (gamenum, hometeam, awayteam, homescore, awayscore, gamedate) values (471, 5, 2, 1, 3, '1985/12/12');
insert into game (gamenum, hometeam, awayteam, homescore, awayscore, gamedate) values (472, 4, 2, 1, 6, '2012/08/09');
insert into game (gamenum, hometeam, awayteam, homescore, awayscore, gamedate) values (473, 6, 1, 7, 8, '1981/10/26');
insert into game (gamenum, hometeam, awayteam, homescore, awayscore, gamedate) values (474, 4, 7, 7, 2, '2019/04/11');
insert into game (gamenum, hometeam, awayteam, homescore, awayscore, gamedate) values (475, 4, 12, 4, 3, '1980/06/18');
insert into game (gamenum, hometeam, awayteam, homescore, awayscore, gamedate) values (476, 4, 9, 7, 0, '2007/09/11');
insert into game (gamenum, hometeam, awayteam, homescore, awayscore, gamedate) values (477, 8, 11, 7, 5, '1976/06/12');
insert into game (gamenum, hometeam, awayteam, homescore, awayscore, gamedate) values (478, 6, 9, 6, 3, '2017/01/27');
insert into game (gamenum, hometeam, awayteam, homescore, awayscore, gamedate) values (479, 10, 1, 10, 9, '1981/11/19');
insert into game (gamenum, hometeam, awayteam, homescore, awayscore, gamedate) values (480, 9, 11, 4, 3, '2004/11/07');
insert into game (gamenum, hometeam, awayteam, homescore, awayscore, gamedate) values (481, 2, 7, 8, 6, '2000/11/29');
insert into game (gamenum, hometeam, awayteam, homescore, awayscore, gamedate) values (482, 10, 1, 10, 0, '1973/03/28');
insert into game (gamenum, hometeam, awayteam, homescore, awayscore, gamedate) values (483, 2, 12, 4, 8, '1978/09/17');
insert into game (gamenum, hometeam, awayteam, homescore, awayscore, gamedate) values (484, 3, 7, 3, 0, '2009/08/23');
insert into game (gamenum, hometeam, awayteam, homescore, awayscore, gamedate) values (485, 1, 8, 5, 10, '2017/06/13');
insert into game (gamenum, hometeam, awayteam, homescore, awayscore, gamedate) values (486, 6, 3, 2, 10, '1986/03/13');
insert into game (gamenum, hometeam, awayteam, homescore, awayscore, gamedate) values (487, 7, 6, 5, 10, '2000/09/06');
insert into game (gamenum, hometeam, awayteam, homescore, awayscore, gamedate) values (488, 3, 7, 2, 3, '2000/08/31');
insert into game (gamenum, hometeam, awayteam, homescore, awayscore, gamedate) values (489, 3, 4, 1, 2, '1979/07/14');
insert into game (gamenum, hometeam, awayteam, homescore, awayscore, gamedate) values (490, 11, 8, 1, 7, '1991/05/11');
insert into game (gamenum, hometeam, awayteam, homescore, awayscore, gamedate) values (491, 1, 3, 9, 2, '1988/11/29');
insert into game (gamenum, hometeam, awayteam, homescore, awayscore, gamedate) values (492, 4, 8, 1, 3, '1981/06/23');
insert into game (gamenum, hometeam, awayteam, homescore, awayscore, gamedate) values (493, 11, 5, 10, 7, '1999/04/08');
insert into game (gamenum, hometeam, awayteam, homescore, awayscore, gamedate) values (494, 4, 12, 6, 8, '2005/08/17');
insert into game (gamenum, hometeam, awayteam, homescore, awayscore, gamedate) values (495, 10, 2, 0, 3, '1987/07/08');
insert into game (gamenum, hometeam, awayteam, homescore, awayscore, gamedate) values (496, 1, 11, 10, 8, '1987/07/23');
insert into game (gamenum, hometeam, awayteam, homescore, awayscore, gamedate) values (497, 11, 4, 3, 9, '2019/03/07');
insert into game (gamenum, hometeam, awayteam, homescore, awayscore, gamedate) values (498, 9, 11, 0, 4, '2019/07/14');
insert into game (gamenum, hometeam, awayteam, homescore, awayscore, gamedate) values (499, 3, 5, 9, 9, '1973/09/18');
insert into game (gamenum, hometeam, awayteam, homescore, awayscore, gamedate) values (500, 5, 1, 0, 9, '1991/04/29');
insert into game (gamenum, hometeam, awayteam, homescore, awayscore, gamedate) values (501, 10, 9, 7, 7, '2010/12/05');
insert into game (gamenum, hometeam, awayteam, homescore, awayscore, gamedate) values (502, 10, 7, 9, 3, '1997/07/25');
insert into game (gamenum, hometeam, awayteam, homescore, awayscore, gamedate) values (503, 8, 4, 9, 6, '1991/07/21');
insert into game (gamenum, hometeam, awayteam, homescore, awayscore, gamedate) values (504, 7, 3, 6, 5, '1987/04/16');
insert into game (gamenum, hometeam, awayteam, homescore, awayscore, gamedate) values (505, 10, 8, 10, 9, '2008/01/19');
insert into game (gamenum, hometeam, awayteam, homescore, awayscore, gamedate) values (506, 4, 11, 6, 5, '1991/02/25');
insert into game (gamenum, hometeam, awayteam, homescore, awayscore, gamedate) values (507, 12, 10, 6, 7, '2015/12/01');
insert into game (gamenum, hometeam, awayteam, homescore, awayscore, gamedate) values (508, 12, 7, 3, 4, '1981/01/27');
insert into game (gamenum, hometeam, awayteam, homescore, awayscore, gamedate) values (509, 5, 5, 7, 2, '1992/01/15');
insert into game (gamenum, hometeam, awayteam, homescore, awayscore, gamedate) values (510, 7, 1, 10, 4, '2011/03/28');
insert into game (gamenum, hometeam, awayteam, homescore, awayscore, gamedate) values (511, 4, 12, 1, 4, '1981/04/02');
insert into game (gamenum, hometeam, awayteam, homescore, awayscore, gamedate) values (512, 1, 5, 1, 6, '1992/04/02');
insert into game (gamenum, hometeam, awayteam, homescore, awayscore, gamedate) values (513, 5, 5, 6, 4, '1994/10/30');
insert into game (gamenum, hometeam, awayteam, homescore, awayscore, gamedate) values (514, 2, 12, 8, 10, '2002/05/16');
insert into game (gamenum, hometeam, awayteam, homescore, awayscore, gamedate) values (515, 6, 1, 3, 7, '1997/12/30');
insert into game (gamenum, hometeam, awayteam, homescore, awayscore, gamedate) values (516, 5, 5, 2, 3, '1995/10/18');
insert into game (gamenum, hometeam, awayteam, homescore, awayscore, gamedate) values (517, 2, 5, 8, 10, '2017/11/30');
insert into game (gamenum, hometeam, awayteam, homescore, awayscore, gamedate) values (518, 12, 12, 4, 8, '1998/01/10');
insert into game (gamenum, hometeam, awayteam, homescore, awayscore, gamedate) values (519, 3, 1, 1, 8, '1979/11/18');
insert into game (gamenum, hometeam, awayteam, homescore, awayscore, gamedate) values (520, 10, 5, 7, 4, '1978/11/06');
insert into game (gamenum, hometeam, awayteam, homescore, awayscore, gamedate) values (521, 12, 5, 1, 4, '2016/11/18');
insert into game (gamenum, hometeam, awayteam, homescore, awayscore, gamedate) values (522, 1, 9, 2, 8, '1973/06/26');
insert into game (gamenum, hometeam, awayteam, homescore, awayscore, gamedate) values (523, 2, 12, 4, 1, '2004/11/07');
insert into game (gamenum, hometeam, awayteam, homescore, awayscore, gamedate) values (524, 10, 12, 1, 5, '1976/12/29');
insert into game (gamenum, hometeam, awayteam, homescore, awayscore, gamedate) values (525, 12, 5, 1, 5, '2007/01/30');
insert into game (gamenum, hometeam, awayteam, homescore, awayscore, gamedate) values (526, 11, 9, 0, 10, '1990/04/01');
insert into game (gamenum, hometeam, awayteam, homescore, awayscore, gamedate) values (527, 1, 1, 5, 7, '1976/03/13');
insert into game (gamenum, hometeam, awayteam, homescore, awayscore, gamedate) values (528, 4, 5, 10, 5, '1988/09/15');
insert into game (gamenum, hometeam, awayteam, homescore, awayscore, gamedate) values (529, 8, 6, 4, 2, '1996/10/16');
insert into game (gamenum, hometeam, awayteam, homescore, awayscore, gamedate) values (530, 2, 10, 8, 2, '2011/07/08');
insert into game (gamenum, hometeam, awayteam, homescore, awayscore, gamedate) values (531, 4, 12, 0, 0, '1973/11/09');
insert into game (gamenum, hometeam, awayteam, homescore, awayscore, gamedate) values (532, 7, 4, 0, 0, '1993/12/27');
insert into game (gamenum, hometeam, awayteam, homescore, awayscore, gamedate) values (533, 4, 4, 6, 7, '2011/08/02');
insert into game (gamenum, hometeam, awayteam, homescore, awayscore, gamedate) values (534, 7, 1, 2, 7, '2013/12/16');
insert into game (gamenum, hometeam, awayteam, homescore, awayscore, gamedate) values (535, 6, 2, 9, 6, '1992/08/03');
insert into game (gamenum, hometeam, awayteam, homescore, awayscore, gamedate) values (536, 3, 12, 6, 3, '1995/11/16');
insert into game (gamenum, hometeam, awayteam, homescore, awayscore, gamedate) values (537, 8, 8, 10, 7, '2015/05/04');
insert into game (gamenum, hometeam, awayteam, homescore, awayscore, gamedate) values (538, 8, 5, 9, 8, '1982/10/02');
insert into game (gamenum, hometeam, awayteam, homescore, awayscore, gamedate) values (539, 7, 11, 10, 2, '1998/06/10');
insert into game (gamenum, hometeam, awayteam, homescore, awayscore, gamedate) values (540, 1, 8, 4, 10, '1986/01/20');
insert into game (gamenum, hometeam, awayteam, homescore, awayscore, gamedate) values (541, 4, 8, 0, 4, '1992/01/21');
insert into game (gamenum, hometeam, awayteam, homescore, awayscore, gamedate) values (542, 9, 11, 7, 3, '2005/11/18');
insert into game (gamenum, hometeam, awayteam, homescore, awayscore, gamedate) values (543, 11, 3, 6, 7, '1997/06/07');
insert into game (gamenum, hometeam, awayteam, homescore, awayscore, gamedate) values (544, 12, 8, 10, 1, '1974/07/21');
insert into game (gamenum, hometeam, awayteam, homescore, awayscore, gamedate) values (545, 9, 7, 8, 0, '2002/06/15');
insert into game (gamenum, hometeam, awayteam, homescore, awayscore, gamedate) values (546, 7, 9, 2, 0, '2000/12/28');
insert into game (gamenum, hometeam, awayteam, homescore, awayscore, gamedate) values (547, 9, 8, 8, 0, '1982/08/31');
insert into game (gamenum, hometeam, awayteam, homescore, awayscore, gamedate) values (548, 10, 1, 3, 8, '2001/04/28');
insert into game (gamenum, hometeam, awayteam, homescore, awayscore, gamedate) values (549, 10, 8, 10, 3, '1974/02/09');
insert into game (gamenum, hometeam, awayteam, homescore, awayscore, gamedate) values (550, 11, 8, 7, 3, '1994/03/04');
insert into game (gamenum, hometeam, awayteam, homescore, awayscore, gamedate) values (551, 9, 2, 1, 3, '1986/01/06');
insert into game (gamenum, hometeam, awayteam, homescore, awayscore, gamedate) values (552, 3, 1, 3, 4, '2006/07/23');
insert into game (gamenum, hometeam, awayteam, homescore, awayscore, gamedate) values (553, 6, 6, 4, 0, '1977/11/02');
insert into game (gamenum, hometeam, awayteam, homescore, awayscore, gamedate) values (554, 12, 11, 6, 9, '1985/06/10');
insert into game (gamenum, hometeam, awayteam, homescore, awayscore, gamedate) values (555, 8, 11, 3, 10, '2011/04/08');
insert into game (gamenum, hometeam, awayteam, homescore, awayscore, gamedate) values (556, 9, 10, 9, 3, '1992/03/24');
insert into game (gamenum, hometeam, awayteam, homescore, awayscore, gamedate) values (557, 7, 3, 7, 1, '2006/08/18');
insert into game (gamenum, hometeam, awayteam, homescore, awayscore, gamedate) values (558, 9, 4, 5, 6, '1993/06/06');
insert into game (gamenum, hometeam, awayteam, homescore, awayscore, gamedate) values (559, 4, 3, 8, 6, '1980/02/16');
insert into game (gamenum, hometeam, awayteam, homescore, awayscore, gamedate) values (560, 5, 1, 5, 6, '1971/03/12');
insert into game (gamenum, hometeam, awayteam, homescore, awayscore, gamedate) values (561, 6, 9, 3, 1, '2011/01/23');
insert into game (gamenum, hometeam, awayteam, homescore, awayscore, gamedate) values (562, 9, 6, 6, 0, '1973/06/14');
insert into game (gamenum, hometeam, awayteam, homescore, awayscore, gamedate) values (563, 6, 5, 10, 5, '2013/04/06');
insert into game (gamenum, hometeam, awayteam, homescore, awayscore, gamedate) values (564, 4, 6, 3, 8, '1975/01/06');
insert into game (gamenum, hometeam, awayteam, homescore, awayscore, gamedate) values (565, 2, 11, 4, 5, '1991/08/30');
insert into game (gamenum, hometeam, awayteam, homescore, awayscore, gamedate) values (566, 1, 3, 7, 6, '1975/06/26');
insert into game (gamenum, hometeam, awayteam, homescore, awayscore, gamedate) values (567, 12, 1, 6, 9, '1997/08/26');
insert into game (gamenum, hometeam, awayteam, homescore, awayscore, gamedate) values (568, 11, 2, 1, 7, '1978/11/01');
insert into game (gamenum, hometeam, awayteam, homescore, awayscore, gamedate) values (569, 8, 10, 8, 7, '1986/08/10');
insert into game (gamenum, hometeam, awayteam, homescore, awayscore, gamedate) values (570, 7, 5, 2, 10, '1974/11/27');
insert into game (gamenum, hometeam, awayteam, homescore, awayscore, gamedate) values (571, 6, 4, 3, 8, '1980/01/08');
insert into game (gamenum, hometeam, awayteam, homescore, awayscore, gamedate) values (572, 7, 7, 9, 7, '2014/04/16');
insert into game (gamenum, hometeam, awayteam, homescore, awayscore, gamedate) values (573, 11, 12, 3, 10, '1976/09/01');
insert into game (gamenum, hometeam, awayteam, homescore, awayscore, gamedate) values (574, 4, 11, 9, 5, '1998/04/17');
insert into game (gamenum, hometeam, awayteam, homescore, awayscore, gamedate) values (575, 6, 5, 8, 4, '1986/03/30');
insert into game (gamenum, hometeam, awayteam, homescore, awayscore, gamedate) values (576, 12, 11, 2, 9, '2001/03/09');
insert into game (gamenum, hometeam, awayteam, homescore, awayscore, gamedate) values (577, 4, 12, 5, 1, '1999/08/12');
insert into game (gamenum, hometeam, awayteam, homescore, awayscore, gamedate) values (578, 3, 1, 6, 8, '2005/10/12');
insert into game (gamenum, hometeam, awayteam, homescore, awayscore, gamedate) values (579, 1, 12, 9, 6, '1987/03/11');
insert into game (gamenum, hometeam, awayteam, homescore, awayscore, gamedate) values (580, 5, 2, 10, 4, '2000/06/21');
insert into game (gamenum, hometeam, awayteam, homescore, awayscore, gamedate) values (581, 12, 1, 8, 4, '1973/03/24');
insert into game (gamenum, hometeam, awayteam, homescore, awayscore, gamedate) values (582, 10, 3, 2, 7, '2000/04/08');
insert into game (gamenum, hometeam, awayteam, homescore, awayscore, gamedate) values (583, 6, 7, 0, 4, '2012/09/22');
insert into game (gamenum, hometeam, awayteam, homescore, awayscore, gamedate) values (584, 5, 2, 10, 4, '1983/01/05');
insert into game (gamenum, hometeam, awayteam, homescore, awayscore, gamedate) values (585, 6, 7, 10, 2, '2012/08/24');
insert into game (gamenum, hometeam, awayteam, homescore, awayscore, gamedate) values (586, 9, 3, 3, 2, '2012/12/20');
insert into game (gamenum, hometeam, awayteam, homescore, awayscore, gamedate) values (587, 10, 5, 5, 9, '1987/07/17');
insert into game (gamenum, hometeam, awayteam, homescore, awayscore, gamedate) values (588, 6, 12, 2, 7, '1981/04/27');
insert into game (gamenum, hometeam, awayteam, homescore, awayscore, gamedate) values (589, 8, 6, 3, 9, '1992/01/16');
insert into game (gamenum, hometeam, awayteam, homescore, awayscore, gamedate) values (590, 4, 2, 10, 5, '1998/05/11');
insert into game (gamenum, hometeam, awayteam, homescore, awayscore, gamedate) values (591, 7, 4, 6, 9, '1982/08/03');
insert into game (gamenum, hometeam, awayteam, homescore, awayscore, gamedate) values (592, 11, 1, 5, 2, '1987/02/13');
insert into game (gamenum, hometeam, awayteam, homescore, awayscore, gamedate) values (593, 8, 1, 6, 2, '1971/07/13');
insert into game (gamenum, hometeam, awayteam, homescore, awayscore, gamedate) values (594, 1, 8, 2, 0, '1976/11/02');
insert into game (gamenum, hometeam, awayteam, homescore, awayscore, gamedate) values (595, 8, 5, 8, 7, '1991/08/02');
insert into game (gamenum, hometeam, awayteam, homescore, awayscore, gamedate) values (596, 9, 4, 2, 10, '2004/06/29');
insert into game (gamenum, hometeam, awayteam, homescore, awayscore, gamedate) values (597, 6, 8, 7, 7, '2016/03/30');
insert into game (gamenum, hometeam, awayteam, homescore, awayscore, gamedate) values (598, 6, 3, 2, 10, '1983/05/29');
insert into game (gamenum, hometeam, awayteam, homescore, awayscore, gamedate) values (599, 2, 4, 2, 9, '2007/12/04');
insert into game (gamenum, hometeam, awayteam, homescore, awayscore, gamedate) values (600, 3, 9, 10, 4, '1993/10/03');
insert into game (gamenum, hometeam, awayteam, homescore, awayscore, gamedate) values (601, 1, 1, 0, 3, '1998/04/16');
insert into game (gamenum, hometeam, awayteam, homescore, awayscore, gamedate) values (602, 9, 11, 0, 2, '1983/10/28');
insert into game (gamenum, hometeam, awayteam, homescore, awayscore, gamedate) values (603, 7, 6, 4, 10, '1998/12/03');
insert into game (gamenum, hometeam, awayteam, homescore, awayscore, gamedate) values (604, 12, 12, 1, 2, '1974/08/21');
insert into game (gamenum, hometeam, awayteam, homescore, awayscore, gamedate) values (605, 10, 12, 10, 2, '2003/06/18');
insert into game (gamenum, hometeam, awayteam, homescore, awayscore, gamedate) values (606, 8, 12, 7, 7, '1990/08/30');
insert into game (gamenum, hometeam, awayteam, homescore, awayscore, gamedate) values (607, 11, 10, 3, 7, '1982/05/29');
insert into game (gamenum, hometeam, awayteam, homescore, awayscore, gamedate) values (608, 9, 9, 7, 3, '1982/12/11');
insert into game (gamenum, hometeam, awayteam, homescore, awayscore, gamedate) values (609, 1, 10, 5, 5, '2008/06/13');
insert into game (gamenum, hometeam, awayteam, homescore, awayscore, gamedate) values (610, 10, 5, 9, 8, '2014/10/23');
insert into game (gamenum, hometeam, awayteam, homescore, awayscore, gamedate) values (611, 5, 11, 1, 5, '1986/06/03');
insert into game (gamenum, hometeam, awayteam, homescore, awayscore, gamedate) values (612, 8, 10, 5, 7, '1998/08/15');
insert into game (gamenum, hometeam, awayteam, homescore, awayscore, gamedate) values (613, 9, 1, 8, 2, '1978/06/02');
insert into game (gamenum, hometeam, awayteam, homescore, awayscore, gamedate) values (614, 9, 3, 9, 8, '2002/10/14');
insert into game (gamenum, hometeam, awayteam, homescore, awayscore, gamedate) values (615, 7, 4, 6, 8, '2018/09/16');
insert into game (gamenum, hometeam, awayteam, homescore, awayscore, gamedate) values (616, 12, 2, 0, 6, '2010/02/05');
insert into game (gamenum, hometeam, awayteam, homescore, awayscore, gamedate) values (617, 3, 10, 1, 8, '1999/02/11');
insert into game (gamenum, hometeam, awayteam, homescore, awayscore, gamedate) values (618, 10, 12, 1, 4, '2001/12/19');
insert into game (gamenum, hometeam, awayteam, homescore, awayscore, gamedate) values (619, 6, 6, 10, 0, '2017/09/20');
insert into game (gamenum, hometeam, awayteam, homescore, awayscore, gamedate) values (620, 10, 1, 6, 3, '2009/01/05');
insert into game (gamenum, hometeam, awayteam, homescore, awayscore, gamedate) values (621, 2, 4, 4, 10, '1997/12/29');
insert into game (gamenum, hometeam, awayteam, homescore, awayscore, gamedate) values (622, 6, 8, 0, 2, '1971/11/26');
insert into game (gamenum, hometeam, awayteam, homescore, awayscore, gamedate) values (623, 6, 2, 8, 10, '2004/11/02');
insert into game (gamenum, hometeam, awayteam, homescore, awayscore, gamedate) values (624, 12, 4, 9, 7, '2018/05/31');
insert into game (gamenum, hometeam, awayteam, homescore, awayscore, gamedate) values (625, 4, 10, 10, 1, '2001/01/20');
insert into game (gamenum, hometeam, awayteam, homescore, awayscore, gamedate) values (626, 6, 10, 2, 6, '1995/07/22');
insert into game (gamenum, hometeam, awayteam, homescore, awayscore, gamedate) values (627, 4, 9, 8, 2, '2007/06/19');
insert into game (gamenum, hometeam, awayteam, homescore, awayscore, gamedate) values (628, 11, 12, 5, 7, '1997/10/17');
insert into game (gamenum, hometeam, awayteam, homescore, awayscore, gamedate) values (629, 11, 10, 7, 8, '1995/04/15');
insert into game (gamenum, hometeam, awayteam, homescore, awayscore, gamedate) values (630, 2, 4, 4, 4, '2006/02/15');
insert into game (gamenum, hometeam, awayteam, homescore, awayscore, gamedate) values (631, 3, 4, 0, 2, '2011/12/27');
insert into game (gamenum, hometeam, awayteam, homescore, awayscore, gamedate) values (632, 2, 5, 7, 8, '1989/12/02');
insert into game (gamenum, hometeam, awayteam, homescore, awayscore, gamedate) values (633, 10, 4, 2, 9, '1971/06/15');
insert into game (gamenum, hometeam, awayteam, homescore, awayscore, gamedate) values (634, 1, 8, 1, 6, '2010/07/12');
insert into game (gamenum, hometeam, awayteam, homescore, awayscore, gamedate) values (635, 12, 6, 7, 1, '1998/02/07');
insert into game (gamenum, hometeam, awayteam, homescore, awayscore, gamedate) values (636, 4, 10, 8, 9, '1979/07/22');
insert into game (gamenum, hometeam, awayteam, homescore, awayscore, gamedate) values (637, 2, 8, 10, 8, '1985/10/27');
insert into game (gamenum, hometeam, awayteam, homescore, awayscore, gamedate) values (638, 3, 2, 5, 0, '1974/12/09');
insert into game (gamenum, hometeam, awayteam, homescore, awayscore, gamedate) values (639, 11, 12, 1, 4, '2018/06/18');
insert into game (gamenum, hometeam, awayteam, homescore, awayscore, gamedate) values (640, 7, 11, 8, 7, '2010/10/09');
insert into game (gamenum, hometeam, awayteam, homescore, awayscore, gamedate) values (641, 6, 5, 2, 8, '1973/05/29');
insert into game (gamenum, hometeam, awayteam, homescore, awayscore, gamedate) values (642, 3, 1, 0, 5, '1988/09/20');
insert into game (gamenum, hometeam, awayteam, homescore, awayscore, gamedate) values (643, 2, 1, 10, 7, '1981/03/06');
insert into game (gamenum, hometeam, awayteam, homescore, awayscore, gamedate) values (644, 12, 2, 7, 3, '1970/12/30');
insert into game (gamenum, hometeam, awayteam, homescore, awayscore, gamedate) values (645, 1, 5, 4, 0, '2019/09/19');
insert into game (gamenum, hometeam, awayteam, homescore, awayscore, gamedate) values (646, 6, 9, 5, 10, '1985/03/28');
insert into game (gamenum, hometeam, awayteam, homescore, awayscore, gamedate) values (647, 2, 6, 9, 8, '1987/09/14');
insert into game (gamenum, hometeam, awayteam, homescore, awayscore, gamedate) values (648, 10, 2, 9, 1, '1974/11/09');
insert into game (gamenum, hometeam, awayteam, homescore, awayscore, gamedate) values (649, 4, 9, 1, 5, '2001/09/02');
insert into game (gamenum, hometeam, awayteam, homescore, awayscore, gamedate) values (650, 1, 8, 0, 8, '2003/08/02');
insert into game (gamenum, hometeam, awayteam, homescore, awayscore, gamedate) values (651, 4, 11, 5, 0, '1973/02/03');
insert into game (gamenum, hometeam, awayteam, homescore, awayscore, gamedate) values (652, 9, 11, 3, 9, '2003/10/03');
insert into game (gamenum, hometeam, awayteam, homescore, awayscore, gamedate) values (653, 2, 2, 3, 8, '2008/12/10');
insert into game (gamenum, hometeam, awayteam, homescore, awayscore, gamedate) values (654, 2, 8, 7, 6, '1996/05/19');
insert into game (gamenum, hometeam, awayteam, homescore, awayscore, gamedate) values (655, 3, 11, 7, 4, '1990/02/27');
insert into game (gamenum, hometeam, awayteam, homescore, awayscore, gamedate) values (656, 8, 10, 7, 0, '1973/08/31');
insert into game (gamenum, hometeam, awayteam, homescore, awayscore, gamedate) values (657, 3, 1, 9, 4, '2005/06/20');
insert into game (gamenum, hometeam, awayteam, homescore, awayscore, gamedate) values (658, 8, 1, 4, 6, '1986/08/26');
insert into game (gamenum, hometeam, awayteam, homescore, awayscore, gamedate) values (659, 4, 8, 0, 3, '1976/09/20');
insert into game (gamenum, hometeam, awayteam, homescore, awayscore, gamedate) values (660, 1, 8, 9, 1, '2003/11/22');
insert into game (gamenum, hometeam, awayteam, homescore, awayscore, gamedate) values (661, 5, 7, 4, 1, '1974/08/27');
insert into game (gamenum, hometeam, awayteam, homescore, awayscore, gamedate) values (662, 5, 3, 5, 8, '2008/11/11');
insert into game (gamenum, hometeam, awayteam, homescore, awayscore, gamedate) values (663, 6, 6, 6, 5, '2016/05/12');
insert into game (gamenum, hometeam, awayteam, homescore, awayscore, gamedate) values (664, 3, 9, 10, 0, '1975/07/10');
insert into game (gamenum, hometeam, awayteam, homescore, awayscore, gamedate) values (665, 2, 2, 3, 7, '2009/11/25');
insert into game (gamenum, hometeam, awayteam, homescore, awayscore, gamedate) values (666, 12, 11, 8, 7, '1993/03/30');
insert into game (gamenum, hometeam, awayteam, homescore, awayscore, gamedate) values (667, 5, 12, 8, 6, '2017/04/02');
insert into game (gamenum, hometeam, awayteam, homescore, awayscore, gamedate) values (668, 12, 5, 10, 2, '2007/11/26');
insert into game (gamenum, hometeam, awayteam, homescore, awayscore, gamedate) values (669, 10, 4, 8, 4, '2016/08/13');
insert into game (gamenum, hometeam, awayteam, homescore, awayscore, gamedate) values (670, 6, 2, 2, 4, '1971/10/23');
insert into game (gamenum, hometeam, awayteam, homescore, awayscore, gamedate) values (671, 3, 8, 7, 10, '1977/02/06');
insert into game (gamenum, hometeam, awayteam, homescore, awayscore, gamedate) values (672, 9, 1, 4, 8, '1993/12/22');
insert into game (gamenum, hometeam, awayteam, homescore, awayscore, gamedate) values (673, 10, 3, 2, 3, '2011/02/21');
insert into game (gamenum, hometeam, awayteam, homescore, awayscore, gamedate) values (674, 7, 1, 8, 1, '2007/10/25');
insert into game (gamenum, hometeam, awayteam, homescore, awayscore, gamedate) values (675, 10, 9, 5, 9, '1997/04/30');
insert into game (gamenum, hometeam, awayteam, homescore, awayscore, gamedate) values (676, 6, 8, 4, 1, '2011/01/18');
insert into game (gamenum, hometeam, awayteam, homescore, awayscore, gamedate) values (677, 7, 6, 10, 8, '1994/07/15');
insert into game (gamenum, hometeam, awayteam, homescore, awayscore, gamedate) values (678, 5, 2, 3, 6, '1993/10/28');
insert into game (gamenum, hometeam, awayteam, homescore, awayscore, gamedate) values (679, 11, 1, 6, 9, '1972/12/17');
insert into game (gamenum, hometeam, awayteam, homescore, awayscore, gamedate) values (680, 3, 12, 7, 0, '1994/12/28');
insert into game (gamenum, hometeam, awayteam, homescore, awayscore, gamedate) values (681, 11, 5, 10, 10, '1971/11/03');
insert into game (gamenum, hometeam, awayteam, homescore, awayscore, gamedate) values (682, 2, 11, 9, 8, '1979/06/16');
insert into game (gamenum, hometeam, awayteam, homescore, awayscore, gamedate) values (683, 7, 8, 0, 5, '1999/05/28');
insert into game (gamenum, hometeam, awayteam, homescore, awayscore, gamedate) values (684, 6, 9, 4, 9, '2006/11/29');
insert into game (gamenum, hometeam, awayteam, homescore, awayscore, gamedate) values (685, 11, 2, 1, 8, '2009/07/03');
insert into game (gamenum, hometeam, awayteam, homescore, awayscore, gamedate) values (686, 6, 10, 0, 4, '2014/10/24');
insert into game (gamenum, hometeam, awayteam, homescore, awayscore, gamedate) values (687, 10, 1, 9, 2, '1988/08/12');
insert into game (gamenum, hometeam, awayteam, homescore, awayscore, gamedate) values (688, 11, 1, 3, 7, '1998/02/15');
insert into game (gamenum, hometeam, awayteam, homescore, awayscore, gamedate) values (689, 2, 1, 0, 4, '1982/02/10');
insert into game (gamenum, hometeam, awayteam, homescore, awayscore, gamedate) values (690, 3, 12, 10, 1, '1982/07/12');
insert into game (gamenum, hometeam, awayteam, homescore, awayscore, gamedate) values (691, 3, 8, 6, 10, '2017/04/27');
insert into game (gamenum, hometeam, awayteam, homescore, awayscore, gamedate) values (692, 8, 5, 9, 2, '1986/06/16');
insert into game (gamenum, hometeam, awayteam, homescore, awayscore, gamedate) values (693, 1, 4, 0, 6, '1997/12/23');
insert into game (gamenum, hometeam, awayteam, homescore, awayscore, gamedate) values (694, 11, 6, 1, 8, '1981/09/21');
insert into game (gamenum, hometeam, awayteam, homescore, awayscore, gamedate) values (695, 2, 8, 8, 4, '2005/02/25');
insert into game (gamenum, hometeam, awayteam, homescore, awayscore, gamedate) values (696, 7, 5, 3, 5, '2011/03/20');
insert into game (gamenum, hometeam, awayteam, homescore, awayscore, gamedate) values (697, 7, 10, 1, 9, '1984/06/10');
insert into game (gamenum, hometeam, awayteam, homescore, awayscore, gamedate) values (698, 1, 10, 10, 8, '1979/09/06');
insert into game (gamenum, hometeam, awayteam, homescore, awayscore, gamedate) values (699, 9, 4, 9, 4, '1979/10/11');
insert into game (gamenum, hometeam, awayteam, homescore, awayscore, gamedate) values (700, 7, 1, 3, 6, '1984/03/11');
insert into game (gamenum, hometeam, awayteam, homescore, awayscore, gamedate) values (701, 1, 4, 0, 4, '1971/09/27');
insert into game (gamenum, hometeam, awayteam, homescore, awayscore, gamedate) values (702, 6, 10, 6, 6, '1988/09/26');
insert into game (gamenum, hometeam, awayteam, homescore, awayscore, gamedate) values (703, 3, 10, 7, 10, '2006/07/20');
insert into game (gamenum, hometeam, awayteam, homescore, awayscore, gamedate) values (704, 8, 2, 4, 10, '2015/06/10');
insert into game (gamenum, hometeam, awayteam, homescore, awayscore, gamedate) values (705, 3, 2, 9, 10, '1973/02/04');
insert into game (gamenum, hometeam, awayteam, homescore, awayscore, gamedate) values (706, 5, 1, 10, 9, '2015/11/22');
insert into game (gamenum, hometeam, awayteam, homescore, awayscore, gamedate) values (707, 2, 12, 5, 8, '1985/06/01');
insert into game (gamenum, hometeam, awayteam, homescore, awayscore, gamedate) values (708, 1, 5, 7, 2, '1988/05/23');
insert into game (gamenum, hometeam, awayteam, homescore, awayscore, gamedate) values (709, 3, 7, 4, 8, '1984/04/10');
insert into game (gamenum, hometeam, awayteam, homescore, awayscore, gamedate) values (710, 1, 5, 8, 3, '1987/08/17');
insert into game (gamenum, hometeam, awayteam, homescore, awayscore, gamedate) values (711, 5, 7, 3, 7, '1975/03/17');
insert into game (gamenum, hometeam, awayteam, homescore, awayscore, gamedate) values (712, 1, 5, 1, 3, '2000/05/26');
insert into game (gamenum, hometeam, awayteam, homescore, awayscore, gamedate) values (713, 2, 4, 3, 1, '1983/08/07');
insert into game (gamenum, hometeam, awayteam, homescore, awayscore, gamedate) values (714, 3, 5, 3, 5, '1981/06/02');
insert into game (gamenum, hometeam, awayteam, homescore, awayscore, gamedate) values (715, 5, 8, 7, 10, '2004/02/23');
insert into game (gamenum, hometeam, awayteam, homescore, awayscore, gamedate) values (716, 10, 12, 7, 7, '1987/03/07');
insert into game (gamenum, hometeam, awayteam, homescore, awayscore, gamedate) values (717, 12, 9, 4, 2, '2000/06/24');
insert into game (gamenum, hometeam, awayteam, homescore, awayscore, gamedate) values (718, 7, 11, 6, 6, '1973/07/10');
insert into game (gamenum, hometeam, awayteam, homescore, awayscore, gamedate) values (719, 5, 3, 10, 6, '2010/08/31');
insert into game (gamenum, hometeam, awayteam, homescore, awayscore, gamedate) values (720, 2, 4, 0, 7, '2013/03/23');
insert into game (gamenum, hometeam, awayteam, homescore, awayscore, gamedate) values (721, 5, 6, 5, 6, '2008/01/19');
insert into game (gamenum, hometeam, awayteam, homescore, awayscore, gamedate) values (722, 8, 8, 0, 2, '1982/09/16');
insert into game (gamenum, hometeam, awayteam, homescore, awayscore, gamedate) values (723, 6, 8, 6, 3, '2011/04/12');
insert into game (gamenum, hometeam, awayteam, homescore, awayscore, gamedate) values (724, 8, 7, 4, 6, '1989/09/03');
insert into game (gamenum, hometeam, awayteam, homescore, awayscore, gamedate) values (725, 2, 3, 5, 4, '1993/01/21');
insert into game (gamenum, hometeam, awayteam, homescore, awayscore, gamedate) values (726, 12, 8, 5, 5, '2013/03/14');
insert into game (gamenum, hometeam, awayteam, homescore, awayscore, gamedate) values (727, 1, 7, 3, 10, '2000/10/30');
insert into game (gamenum, hometeam, awayteam, homescore, awayscore, gamedate) values (728, 6, 6, 4, 8, '1989/08/19');
insert into game (gamenum, hometeam, awayteam, homescore, awayscore, gamedate) values (729, 12, 1, 10, 3, '2003/03/12');
insert into game (gamenum, hometeam, awayteam, homescore, awayscore, gamedate) values (730, 7, 7, 1, 5, '2008/10/20');
insert into game (gamenum, hometeam, awayteam, homescore, awayscore, gamedate) values (731, 4, 4, 4, 10, '1980/01/23');
insert into game (gamenum, hometeam, awayteam, homescore, awayscore, gamedate) values (732, 4, 5, 9, 7, '2002/05/14');
insert into game (gamenum, hometeam, awayteam, homescore, awayscore, gamedate) values (733, 5, 11, 2, 5, '2015/03/26');
insert into game (gamenum, hometeam, awayteam, homescore, awayscore, gamedate) values (734, 9, 8, 8, 1, '2000/03/02');
insert into game (gamenum, hometeam, awayteam, homescore, awayscore, gamedate) values (735, 8, 11, 0, 2, '1995/09/04');
insert into game (gamenum, hometeam, awayteam, homescore, awayscore, gamedate) values (736, 2, 11, 5, 0, '1976/03/26');
insert into game (gamenum, hometeam, awayteam, homescore, awayscore, gamedate) values (737, 11, 11, 0, 9, '2017/10/12');
insert into game (gamenum, hometeam, awayteam, homescore, awayscore, gamedate) values (738, 1, 5, 9, 2, '1996/07/21');
insert into game (gamenum, hometeam, awayteam, homescore, awayscore, gamedate) values (739, 2, 1, 4, 7, '1977/08/03');
insert into game (gamenum, hometeam, awayteam, homescore, awayscore, gamedate) values (740, 3, 8, 6, 0, '1988/02/05');
insert into game (gamenum, hometeam, awayteam, homescore, awayscore, gamedate) values (741, 12, 4, 5, 10, '1999/07/28');
insert into game (gamenum, hometeam, awayteam, homescore, awayscore, gamedate) values (742, 9, 10, 7, 3, '1971/03/10');
insert into game (gamenum, hometeam, awayteam, homescore, awayscore, gamedate) values (743, 9, 10, 4, 1, '1978/03/21');
insert into game (gamenum, hometeam, awayteam, homescore, awayscore, gamedate) values (744, 6, 8, 8, 3, '2006/04/13');
insert into game (gamenum, hometeam, awayteam, homescore, awayscore, gamedate) values (745, 2, 9, 5, 5, '2011/10/16');
insert into game (gamenum, hometeam, awayteam, homescore, awayscore, gamedate) values (746, 8, 4, 10, 8, '2017/12/10');
insert into game (gamenum, hometeam, awayteam, homescore, awayscore, gamedate) values (747, 5, 10, 0, 6, '1984/01/10');
insert into game (gamenum, hometeam, awayteam, homescore, awayscore, gamedate) values (748, 7, 1, 9, 0, '2014/05/29');
insert into game (gamenum, hometeam, awayteam, homescore, awayscore, gamedate) values (749, 11, 1, 3, 5, '1980/01/25');
insert into game (gamenum, hometeam, awayteam, homescore, awayscore, gamedate) values (750, 8, 10, 4, 9, '1991/03/13');
insert into game (gamenum, hometeam, awayteam, homescore, awayscore, gamedate) values (751, 1, 6, 2, 4, '1995/06/16');
insert into game (gamenum, hometeam, awayteam, homescore, awayscore, gamedate) values (752, 7, 3, 10, 2, '1981/05/13');
insert into game (gamenum, hometeam, awayteam, homescore, awayscore, gamedate) values (753, 12, 4, 7, 8, '2006/02/08');
insert into game (gamenum, hometeam, awayteam, homescore, awayscore, gamedate) values (754, 1, 1, 0, 4, '2005/03/13');
insert into game (gamenum, hometeam, awayteam, homescore, awayscore, gamedate) values (755, 7, 9, 4, 6, '1974/02/19');
insert into game (gamenum, hometeam, awayteam, homescore, awayscore, gamedate) values (756, 11, 3, 5, 8, '1989/04/06');
insert into game (gamenum, hometeam, awayteam, homescore, awayscore, gamedate) values (757, 4, 2, 3, 7, '2011/03/21');
insert into game (gamenum, hometeam, awayteam, homescore, awayscore, gamedate) values (758, 12, 6, 10, 0, '1990/06/08');
insert into game (gamenum, hometeam, awayteam, homescore, awayscore, gamedate) values (759, 1, 1, 3, 5, '2003/08/18');
insert into game (gamenum, hometeam, awayteam, homescore, awayscore, gamedate) values (760, 5, 4, 5, 2, '2000/02/29');
insert into game (gamenum, hometeam, awayteam, homescore, awayscore, gamedate) values (761, 9, 5, 1, 5, '1985/03/28');
insert into game (gamenum, hometeam, awayteam, homescore, awayscore, gamedate) values (762, 9, 4, 7, 8, '2017/06/28');
insert into game (gamenum, hometeam, awayteam, homescore, awayscore, gamedate) values (763, 8, 6, 6, 9, '2016/12/23');
insert into game (gamenum, hometeam, awayteam, homescore, awayscore, gamedate) values (764, 3, 5, 0, 6, '1984/01/19');
insert into game (gamenum, hometeam, awayteam, homescore, awayscore, gamedate) values (765, 7, 11, 9, 8, '2011/12/16');
insert into game (gamenum, hometeam, awayteam, homescore, awayscore, gamedate) values (766, 7, 9, 6, 2, '2017/09/19');
insert into game (gamenum, hometeam, awayteam, homescore, awayscore, gamedate) values (767, 10, 2, 7, 1, '2004/01/28');
insert into game (gamenum, hometeam, awayteam, homescore, awayscore, gamedate) values (768, 9, 10, 1, 1, '2000/10/22');
insert into game (gamenum, hometeam, awayteam, homescore, awayscore, gamedate) values (769, 2, 9, 5, 3, '1984/07/13');
insert into game (gamenum, hometeam, awayteam, homescore, awayscore, gamedate) values (770, 10, 7, 8, 6, '2007/05/23');
insert into game (gamenum, hometeam, awayteam, homescore, awayscore, gamedate) values (771, 11, 3, 8, 4, '1974/11/06');
insert into game (gamenum, hometeam, awayteam, homescore, awayscore, gamedate) values (772, 11, 7, 10, 5, '1984/11/14');
insert into game (gamenum, hometeam, awayteam, homescore, awayscore, gamedate) values (773, 7, 9, 7, 0, '1975/01/23');
insert into game (gamenum, hometeam, awayteam, homescore, awayscore, gamedate) values (774, 4, 7, 7, 8, '1980/05/11');
insert into game (gamenum, hometeam, awayteam, homescore, awayscore, gamedate) values (775, 8, 2, 6, 10, '2006/11/12');
insert into game (gamenum, hometeam, awayteam, homescore, awayscore, gamedate) values (776, 2, 9, 1, 3, '2001/09/04');
insert into game (gamenum, hometeam, awayteam, homescore, awayscore, gamedate) values (777, 3, 10, 3, 6, '1972/10/20');
insert into game (gamenum, hometeam, awayteam, homescore, awayscore, gamedate) values (778, 12, 5, 4, 1, '1998/12/16');
insert into game (gamenum, hometeam, awayteam, homescore, awayscore, gamedate) values (779, 10, 8, 3, 7, '1982/09/29');
insert into game (gamenum, hometeam, awayteam, homescore, awayscore, gamedate) values (780, 2, 9, 10, 8, '1989/12/17');
insert into game (gamenum, hometeam, awayteam, homescore, awayscore, gamedate) values (781, 3, 7, 9, 1, '1991/04/21');
insert into game (gamenum, hometeam, awayteam, homescore, awayscore, gamedate) values (782, 2, 3, 9, 6, '1985/09/28');
insert into game (gamenum, hometeam, awayteam, homescore, awayscore, gamedate) values (783, 10, 1, 5, 2, '1985/08/31');
insert into game (gamenum, hometeam, awayteam, homescore, awayscore, gamedate) values (784, 10, 2, 7, 8, '1986/02/17');
insert into game (gamenum, hometeam, awayteam, homescore, awayscore, gamedate) values (785, 1, 12, 6, 3, '2002/04/09');
insert into game (gamenum, hometeam, awayteam, homescore, awayscore, gamedate) values (786, 10, 7, 2, 10, '2019/01/31');
insert into game (gamenum, hometeam, awayteam, homescore, awayscore, gamedate) values (787, 11, 9, 5, 0, '1981/05/05');
insert into game (gamenum, hometeam, awayteam, homescore, awayscore, gamedate) values (788, 12, 5, 7, 5, '2005/02/12');
insert into game (gamenum, hometeam, awayteam, homescore, awayscore, gamedate) values (789, 3, 12, 7, 7, '2011/11/02');
insert into game (gamenum, hometeam, awayteam, homescore, awayscore, gamedate) values (790, 4, 8, 2, 1, '2009/12/25');
insert into game (gamenum, hometeam, awayteam, homescore, awayscore, gamedate) values (791, 10, 1, 2, 5, '1976/12/06');
insert into game (gamenum, hometeam, awayteam, homescore, awayscore, gamedate) values (792, 12, 11, 7, 10, '1989/12/03');
insert into game (gamenum, hometeam, awayteam, homescore, awayscore, gamedate) values (793, 11, 3, 10, 4, '1997/08/10');
insert into game (gamenum, hometeam, awayteam, homescore, awayscore, gamedate) values (794, 7, 11, 3, 6, '1987/12/29');
insert into game (gamenum, hometeam, awayteam, homescore, awayscore, gamedate) values (795, 1, 1, 1, 9, '2017/02/08');
insert into game (gamenum, hometeam, awayteam, homescore, awayscore, gamedate) values (796, 3, 11, 0, 5, '1979/08/29');
insert into game (gamenum, hometeam, awayteam, homescore, awayscore, gamedate) values (797, 10, 1, 5, 1, '2014/02/04');
insert into game (gamenum, hometeam, awayteam, homescore, awayscore, gamedate) values (798, 1, 7, 8, 10, '1976/10/03');
insert into game (gamenum, hometeam, awayteam, homescore, awayscore, gamedate) values (799, 6, 2, 6, 4, '1997/12/23');
insert into game (gamenum, hometeam, awayteam, homescore, awayscore, gamedate) values (800, 10, 7, 7, 3, '1976/07/21');
insert into game (gamenum, hometeam, awayteam, homescore, awayscore, gamedate) values (801, 10, 8, 1, 8, '1988/08/27');
insert into game (gamenum, hometeam, awayteam, homescore, awayscore, gamedate) values (802, 10, 7, 9, 3, '1980/06/24');
insert into game (gamenum, hometeam, awayteam, homescore, awayscore, gamedate) values (803, 10, 12, 0, 8, '1980/01/29');
insert into game (gamenum, hometeam, awayteam, homescore, awayscore, gamedate) values (804, 7, 5, 4, 2, '1979/05/26');
insert into game (gamenum, hometeam, awayteam, homescore, awayscore, gamedate) values (805, 9, 1, 6, 1, '1980/09/10');
insert into game (gamenum, hometeam, awayteam, homescore, awayscore, gamedate) values (806, 2, 5, 1, 9, '2018/10/12');
insert into game (gamenum, hometeam, awayteam, homescore, awayscore, gamedate) values (807, 11, 9, 9, 8, '1987/09/17');
insert into game (gamenum, hometeam, awayteam, homescore, awayscore, gamedate) values (808, 12, 7, 6, 2, '2011/02/11');
insert into game (gamenum, hometeam, awayteam, homescore, awayscore, gamedate) values (809, 3, 2, 1, 0, '1985/11/28');
insert into game (gamenum, hometeam, awayteam, homescore, awayscore, gamedate) values (810, 3, 2, 4, 10, '1983/05/23');
insert into game (gamenum, hometeam, awayteam, homescore, awayscore, gamedate) values (811, 11, 3, 1, 8, '1985/01/07');
insert into game (gamenum, hometeam, awayteam, homescore, awayscore, gamedate) values (812, 11, 5, 7, 8, '1998/12/24');
insert into game (gamenum, hometeam, awayteam, homescore, awayscore, gamedate) values (813, 11, 9, 5, 2, '1983/05/20');
insert into game (gamenum, hometeam, awayteam, homescore, awayscore, gamedate) values (814, 10, 1, 4, 5, '2012/11/25');
insert into game (gamenum, hometeam, awayteam, homescore, awayscore, gamedate) values (815, 7, 12, 8, 7, '2013/01/23');
insert into game (gamenum, hometeam, awayteam, homescore, awayscore, gamedate) values (816, 6, 7, 10, 2, '1990/10/28');
insert into game (gamenum, hometeam, awayteam, homescore, awayscore, gamedate) values (817, 12, 9, 8, 2, '2011/04/09');
insert into game (gamenum, hometeam, awayteam, homescore, awayscore, gamedate) values (818, 2, 9, 10, 2, '2007/10/12');
insert into game (gamenum, hometeam, awayteam, homescore, awayscore, gamedate) values (819, 1, 3, 3, 6, '2011/05/04');
insert into game (gamenum, hometeam, awayteam, homescore, awayscore, gamedate) values (820, 10, 12, 8, 6, '1977/01/07');
insert into game (gamenum, hometeam, awayteam, homescore, awayscore, gamedate) values (821, 1, 9, 4, 3, '1994/05/31');
insert into game (gamenum, hometeam, awayteam, homescore, awayscore, gamedate) values (822, 7, 7, 4, 6, '1985/04/08');
insert into game (gamenum, hometeam, awayteam, homescore, awayscore, gamedate) values (823, 8, 6, 10, 3, '2006/10/04');
insert into game (gamenum, hometeam, awayteam, homescore, awayscore, gamedate) values (824, 6, 10, 2, 2, '2019/01/04');
insert into game (gamenum, hometeam, awayteam, homescore, awayscore, gamedate) values (825, 7, 12, 6, 9, '1973/04/20');
insert into game (gamenum, hometeam, awayteam, homescore, awayscore, gamedate) values (826, 3, 1, 6, 1, '2007/03/22');
insert into game (gamenum, hometeam, awayteam, homescore, awayscore, gamedate) values (827, 3, 10, 10, 8, '1983/10/24');
insert into game (gamenum, hometeam, awayteam, homescore, awayscore, gamedate) values (828, 3, 7, 4, 7, '1999/06/22');
insert into game (gamenum, hometeam, awayteam, homescore, awayscore, gamedate) values (829, 7, 2, 7, 3, '2009/06/28');
insert into game (gamenum, hometeam, awayteam, homescore, awayscore, gamedate) values (830, 7, 8, 6, 5, '1989/12/27');
insert into game (gamenum, hometeam, awayteam, homescore, awayscore, gamedate) values (831, 1, 9, 8, 4, '1997/05/14');
insert into game (gamenum, hometeam, awayteam, homescore, awayscore, gamedate) values (832, 10, 12, 10, 5, '2006/06/18');
insert into game (gamenum, hometeam, awayteam, homescore, awayscore, gamedate) values (833, 5, 4, 3, 7, '1990/08/17');
insert into game (gamenum, hometeam, awayteam, homescore, awayscore, gamedate) values (834, 11, 9, 10, 2, '1983/08/01');
insert into game (gamenum, hometeam, awayteam, homescore, awayscore, gamedate) values (835, 3, 1, 8, 2, '1989/01/30');
insert into game (gamenum, hometeam, awayteam, homescore, awayscore, gamedate) values (836, 3, 7, 3, 4, '1987/06/14');
insert into game (gamenum, hometeam, awayteam, homescore, awayscore, gamedate) values (837, 1, 3, 10, 7, '2005/01/11');
insert into game (gamenum, hometeam, awayteam, homescore, awayscore, gamedate) values (838, 8, 7, 7, 6, '2014/11/10');
insert into game (gamenum, hometeam, awayteam, homescore, awayscore, gamedate) values (839, 6, 6, 7, 0, '1995/07/01');
insert into game (gamenum, hometeam, awayteam, homescore, awayscore, gamedate) values (840, 5, 7, 5, 7, '2004/02/15');
insert into game (gamenum, hometeam, awayteam, homescore, awayscore, gamedate) values (841, 2, 2, 9, 3, '1994/02/09');
insert into game (gamenum, hometeam, awayteam, homescore, awayscore, gamedate) values (842, 9, 7, 8, 3, '2013/11/05');
insert into game (gamenum, hometeam, awayteam, homescore, awayscore, gamedate) values (843, 1, 6, 6, 2, '1996/05/16');
insert into game (gamenum, hometeam, awayteam, homescore, awayscore, gamedate) values (844, 2, 8, 1, 7, '2019/05/04');
insert into game (gamenum, hometeam, awayteam, homescore, awayscore, gamedate) values (845, 2, 5, 8, 4, '1978/06/10');
insert into game (gamenum, hometeam, awayteam, homescore, awayscore, gamedate) values (846, 6, 10, 2, 8, '2001/04/11');
insert into game (gamenum, hometeam, awayteam, homescore, awayscore, gamedate) values (847, 8, 8, 2, 4, '1994/02/23');
insert into game (gamenum, hometeam, awayteam, homescore, awayscore, gamedate) values (848, 11, 11, 3, 2, '1991/02/24');
insert into game (gamenum, hometeam, awayteam, homescore, awayscore, gamedate) values (849, 4, 11, 9, 7, '1998/10/14');
insert into game (gamenum, hometeam, awayteam, homescore, awayscore, gamedate) values (850, 12, 4, 10, 2, '2003/07/12');
insert into game (gamenum, hometeam, awayteam, homescore, awayscore, gamedate) values (851, 6, 11, 6, 6, '2004/04/25');
insert into game (gamenum, hometeam, awayteam, homescore, awayscore, gamedate) values (852, 3, 9, 2, 3, '1975/04/26');
insert into game (gamenum, hometeam, awayteam, homescore, awayscore, gamedate) values (853, 6, 9, 8, 6, '1986/07/29');
insert into game (gamenum, hometeam, awayteam, homescore, awayscore, gamedate) values (854, 5, 1, 9, 4, '2001/01/12');
insert into game (gamenum, hometeam, awayteam, homescore, awayscore, gamedate) values (855, 7, 11, 9, 2, '1977/11/03');
insert into game (gamenum, hometeam, awayteam, homescore, awayscore, gamedate) values (856, 9, 9, 10, 2, '2016/12/26');
insert into game (gamenum, hometeam, awayteam, homescore, awayscore, gamedate) values (857, 10, 9, 3, 7, '2014/11/03');
insert into game (gamenum, hometeam, awayteam, homescore, awayscore, gamedate) values (858, 6, 12, 0, 7, '1987/12/20');
insert into game (gamenum, hometeam, awayteam, homescore, awayscore, gamedate) values (859, 3, 2, 2, 10, '1971/10/05');
insert into game (gamenum, hometeam, awayteam, homescore, awayscore, gamedate) values (860, 11, 1, 5, 7, '2016/09/01');
insert into game (gamenum, hometeam, awayteam, homescore, awayscore, gamedate) values (861, 8, 10, 2, 8, '2001/09/08');
insert into game (gamenum, hometeam, awayteam, homescore, awayscore, gamedate) values (862, 4, 2, 3, 3, '1983/03/07');
insert into game (gamenum, hometeam, awayteam, homescore, awayscore, gamedate) values (863, 7, 10, 9, 0, '2010/08/17');
insert into game (gamenum, hometeam, awayteam, homescore, awayscore, gamedate) values (864, 10, 5, 3, 7, '2019/06/25');
insert into game (gamenum, hometeam, awayteam, homescore, awayscore, gamedate) values (865, 7, 7, 1, 2, '2019/05/21');
insert into game (gamenum, hometeam, awayteam, homescore, awayscore, gamedate) values (866, 11, 3, 4, 10, '2005/09/17');
insert into game (gamenum, hometeam, awayteam, homescore, awayscore, gamedate) values (867, 8, 6, 4, 5, '2019/10/28');
insert into game (gamenum, hometeam, awayteam, homescore, awayscore, gamedate) values (868, 6, 3, 4, 4, '1974/09/27');
insert into game (gamenum, hometeam, awayteam, homescore, awayscore, gamedate) values (869, 7, 10, 9, 9, '1973/01/24');
insert into game (gamenum, hometeam, awayteam, homescore, awayscore, gamedate) values (870, 2, 9, 5, 7, '2002/11/07');
insert into game (gamenum, hometeam, awayteam, homescore, awayscore, gamedate) values (871, 9, 11, 2, 9, '2004/06/24');
insert into game (gamenum, hometeam, awayteam, homescore, awayscore, gamedate) values (872, 9, 12, 0, 10, '1981/02/01');
insert into game (gamenum, hometeam, awayteam, homescore, awayscore, gamedate) values (873, 8, 11, 1, 9, '1976/08/27');
insert into game (gamenum, hometeam, awayteam, homescore, awayscore, gamedate) values (874, 7, 6, 7, 10, '1978/05/18');
insert into game (gamenum, hometeam, awayteam, homescore, awayscore, gamedate) values (875, 5, 5, 1, 2, '1997/04/03');
insert into game (gamenum, hometeam, awayteam, homescore, awayscore, gamedate) values (876, 6, 12, 3, 3, '1980/12/28');
insert into game (gamenum, hometeam, awayteam, homescore, awayscore, gamedate) values (877, 11, 10, 5, 0, '1986/04/30');
insert into game (gamenum, hometeam, awayteam, homescore, awayscore, gamedate) values (878, 7, 7, 7, 0, '1976/03/12');
insert into game (gamenum, hometeam, awayteam, homescore, awayscore, gamedate) values (879, 3, 7, 1, 8, '2013/06/12');
insert into game (gamenum, hometeam, awayteam, homescore, awayscore, gamedate) values (880, 3, 5, 10, 5, '2014/07/08');
insert into game (gamenum, hometeam, awayteam, homescore, awayscore, gamedate) values (881, 3, 5, 2, 7, '2019/07/11');
insert into game (gamenum, hometeam, awayteam, homescore, awayscore, gamedate) values (882, 12, 1, 4, 3, '1988/10/22');
insert into game (gamenum, hometeam, awayteam, homescore, awayscore, gamedate) values (883, 2, 4, 7, 6, '2016/06/24');
insert into game (gamenum, hometeam, awayteam, homescore, awayscore, gamedate) values (884, 7, 6, 3, 2, '2008/04/06');
insert into game (gamenum, hometeam, awayteam, homescore, awayscore, gamedate) values (885, 12, 9, 8, 3, '1999/10/12');
insert into game (gamenum, hometeam, awayteam, homescore, awayscore, gamedate) values (886, 5, 2, 10, 7, '1986/02/25');
insert into game (gamenum, hometeam, awayteam, homescore, awayscore, gamedate) values (887, 9, 6, 4, 2, '1977/10/20');
insert into game (gamenum, hometeam, awayteam, homescore, awayscore, gamedate) values (888, 4, 5, 8, 6, '2000/12/26');
insert into game (gamenum, hometeam, awayteam, homescore, awayscore, gamedate) values (889, 10, 1, 10, 6, '2012/12/04');
insert into game (gamenum, hometeam, awayteam, homescore, awayscore, gamedate) values (890, 2, 9, 6, 2, '1983/12/30');
insert into game (gamenum, hometeam, awayteam, homescore, awayscore, gamedate) values (891, 5, 12, 0, 10, '2019/12/08');
insert into game (gamenum, hometeam, awayteam, homescore, awayscore, gamedate) values (892, 5, 4, 1, 4, '1992/01/15');
insert into game (gamenum, hometeam, awayteam, homescore, awayscore, gamedate) values (893, 12, 2, 8, 1, '1993/11/22');
insert into game (gamenum, hometeam, awayteam, homescore, awayscore, gamedate) values (894, 9, 3, 3, 7, '1993/10/16');
insert into game (gamenum, hometeam, awayteam, homescore, awayscore, gamedate) values (895, 3, 9, 9, 3, '2006/07/22');
insert into game (gamenum, hometeam, awayteam, homescore, awayscore, gamedate) values (896, 1, 7, 2, 7, '2016/11/01');
insert into game (gamenum, hometeam, awayteam, homescore, awayscore, gamedate) values (897, 5, 2, 10, 3, '2013/01/11');
insert into game (gamenum, hometeam, awayteam, homescore, awayscore, gamedate) values (898, 10, 8, 5, 6, '1976/08/09');
insert into game (gamenum, hometeam, awayteam, homescore, awayscore, gamedate) values (899, 6, 5, 0, 4, '1995/08/23');
insert into game (gamenum, hometeam, awayteam, homescore, awayscore, gamedate) values (900, 6, 10, 6, 2, '1988/06/17');
insert into game (gamenum, hometeam, awayteam, homescore, awayscore, gamedate) values (901, 4, 4, 7, 1, '1987/02/16');
insert into game (gamenum, hometeam, awayteam, homescore, awayscore, gamedate) values (902, 1, 4, 7, 1, '1971/01/27');
insert into game (gamenum, hometeam, awayteam, homescore, awayscore, gamedate) values (903, 6, 3, 9, 4, '1989/06/07');
insert into game (gamenum, hometeam, awayteam, homescore, awayscore, gamedate) values (904, 8, 11, 0, 9, '2007/06/03');
insert into game (gamenum, hometeam, awayteam, homescore, awayscore, gamedate) values (905, 9, 10, 10, 7, '1976/10/12');
insert into game (gamenum, hometeam, awayteam, homescore, awayscore, gamedate) values (906, 2, 12, 7, 4, '1997/01/09');
insert into game (gamenum, hometeam, awayteam, homescore, awayscore, gamedate) values (907, 12, 10, 10, 10, '1995/05/01');
insert into game (gamenum, hometeam, awayteam, homescore, awayscore, gamedate) values (908, 7, 10, 3, 3, '1971/09/26');
insert into game (gamenum, hometeam, awayteam, homescore, awayscore, gamedate) values (909, 1, 5, 1, 1, '1983/07/13');
insert into game (gamenum, hometeam, awayteam, homescore, awayscore, gamedate) values (910, 4, 9, 6, 7, '1994/03/02');
insert into game (gamenum, hometeam, awayteam, homescore, awayscore, gamedate) values (911, 1, 11, 6, 1, '2006/06/20');
insert into game (gamenum, hometeam, awayteam, homescore, awayscore, gamedate) values (912, 5, 3, 9, 4, '2010/11/29');
insert into game (gamenum, hometeam, awayteam, homescore, awayscore, gamedate) values (913, 6, 10, 5, 0, '2017/02/23');
insert into game (gamenum, hometeam, awayteam, homescore, awayscore, gamedate) values (914, 9, 11, 8, 3, '2008/02/15');
insert into game (gamenum, hometeam, awayteam, homescore, awayscore, gamedate) values (915, 7, 5, 4, 3, '1979/01/18');
insert into game (gamenum, hometeam, awayteam, homescore, awayscore, gamedate) values (916, 10, 11, 6, 4, '2015/01/10');
insert into game (gamenum, hometeam, awayteam, homescore, awayscore, gamedate) values (917, 6, 7, 2, 1, '1985/08/28');
insert into game (gamenum, hometeam, awayteam, homescore, awayscore, gamedate) values (918, 10, 1, 7, 8, '1981/04/07');
insert into game (gamenum, hometeam, awayteam, homescore, awayscore, gamedate) values (919, 5, 10, 9, 3, '1975/05/08');
insert into game (gamenum, hometeam, awayteam, homescore, awayscore, gamedate) values (920, 4, 9, 1, 9, '2008/09/22');
insert into game (gamenum, hometeam, awayteam, homescore, awayscore, gamedate) values (921, 2, 2, 2, 10, '1999/05/08');
insert into game (gamenum, hometeam, awayteam, homescore, awayscore, gamedate) values (922, 10, 2, 8, 7, '2008/09/06');
insert into game (gamenum, hometeam, awayteam, homescore, awayscore, gamedate) values (923, 1, 4, 6, 2, '1977/05/20');
insert into game (gamenum, hometeam, awayteam, homescore, awayscore, gamedate) values (924, 6, 11, 4, 3, '1973/07/11');
insert into game (gamenum, hometeam, awayteam, homescore, awayscore, gamedate) values (925, 10, 5, 2, 5, '1995/10/28');
insert into game (gamenum, hometeam, awayteam, homescore, awayscore, gamedate) values (926, 6, 5, 2, 1, '2005/12/28');
insert into game (gamenum, hometeam, awayteam, homescore, awayscore, gamedate) values (927, 3, 3, 0, 7, '1973/12/09');
insert into game (gamenum, hometeam, awayteam, homescore, awayscore, gamedate) values (928, 6, 7, 5, 5, '2010/08/24');
insert into game (gamenum, hometeam, awayteam, homescore, awayscore, gamedate) values (929, 4, 8, 10, 1, '1971/07/12');
insert into game (gamenum, hometeam, awayteam, homescore, awayscore, gamedate) values (930, 11, 5, 5, 2, '2003/11/09');
insert into game (gamenum, hometeam, awayteam, homescore, awayscore, gamedate) values (931, 2, 10, 4, 4, '1995/04/11');
insert into game (gamenum, hometeam, awayteam, homescore, awayscore, gamedate) values (932, 6, 2, 2, 10, '2003/01/14');
insert into game (gamenum, hometeam, awayteam, homescore, awayscore, gamedate) values (933, 5, 1, 0, 2, '1976/01/01');
insert into game (gamenum, hometeam, awayteam, homescore, awayscore, gamedate) values (934, 12, 9, 2, 10, '1978/02/03');
insert into game (gamenum, hometeam, awayteam, homescore, awayscore, gamedate) values (935, 8, 3, 10, 9, '1970/12/15');
insert into game (gamenum, hometeam, awayteam, homescore, awayscore, gamedate) values (936, 7, 4, 2, 0, '2014/07/22');
insert into game (gamenum, hometeam, awayteam, homescore, awayscore, gamedate) values (937, 5, 9, 4, 8, '2014/01/25');
insert into game (gamenum, hometeam, awayteam, homescore, awayscore, gamedate) values (938, 1, 3, 0, 2, '1993/02/07');
insert into game (gamenum, hometeam, awayteam, homescore, awayscore, gamedate) values (939, 2, 4, 0, 8, '1991/10/20');
insert into game (gamenum, hometeam, awayteam, homescore, awayscore, gamedate) values (940, 7, 10, 1, 10, '1986/11/19');
insert into game (gamenum, hometeam, awayteam, homescore, awayscore, gamedate) values (941, 12, 5, 6, 3, '1990/08/03');
insert into game (gamenum, hometeam, awayteam, homescore, awayscore, gamedate) values (942, 8, 5, 8, 9, '2003/03/12');
insert into game (gamenum, hometeam, awayteam, homescore, awayscore, gamedate) values (943, 11, 8, 9, 4, '1986/08/29');
insert into game (gamenum, hometeam, awayteam, homescore, awayscore, gamedate) values (944, 9, 12, 3, 3, '2015/02/07');
insert into game (gamenum, hometeam, awayteam, homescore, awayscore, gamedate) values (945, 7, 2, 8, 8, '1971/12/23');
insert into game (gamenum, hometeam, awayteam, homescore, awayscore, gamedate) values (946, 1, 8, 0, 2, '1992/01/03');
insert into game (gamenum, hometeam, awayteam, homescore, awayscore, gamedate) values (947, 4, 11, 4, 7, '2013/09/08');
insert into game (gamenum, hometeam, awayteam, homescore, awayscore, gamedate) values (948, 8, 4, 4, 7, '2000/09/24');
insert into game (gamenum, hometeam, awayteam, homescore, awayscore, gamedate) values (949, 3, 6, 9, 10, '2016/07/24');
insert into game (gamenum, hometeam, awayteam, homescore, awayscore, gamedate) values (950, 8, 9, 7, 6, '1971/03/06');
insert into game (gamenum, hometeam, awayteam, homescore, awayscore, gamedate) values (951, 3, 7, 6, 8, '2009/08/26');
insert into game (gamenum, hometeam, awayteam, homescore, awayscore, gamedate) values (952, 4, 4, 9, 9, '2018/12/20');
insert into game (gamenum, hometeam, awayteam, homescore, awayscore, gamedate) values (953, 6, 11, 6, 4, '1982/07/22');
insert into game (gamenum, hometeam, awayteam, homescore, awayscore, gamedate) values (954, 10, 4, 0, 0, '2003/05/06');
insert into game (gamenum, hometeam, awayteam, homescore, awayscore, gamedate) values (955, 7, 12, 5, 5, '1986/05/23');
insert into game (gamenum, hometeam, awayteam, homescore, awayscore, gamedate) values (956, 9, 6, 9, 2, '1995/06/11');
insert into game (gamenum, hometeam, awayteam, homescore, awayscore, gamedate) values (957, 5, 3, 5, 3, '2014/05/05');
insert into game (gamenum, hometeam, awayteam, homescore, awayscore, gamedate) values (958, 2, 5, 4, 9, '1973/05/15');
insert into game (gamenum, hometeam, awayteam, homescore, awayscore, gamedate) values (959, 9, 3, 10, 2, '2007/08/09');
insert into game (gamenum, hometeam, awayteam, homescore, awayscore, gamedate) values (960, 11, 11, 6, 0, '1999/01/31');
insert into game (gamenum, hometeam, awayteam, homescore, awayscore, gamedate) values (961, 3, 7, 5, 1, '1986/04/09');
insert into game (gamenum, hometeam, awayteam, homescore, awayscore, gamedate) values (962, 3, 5, 4, 6, '1996/06/28');
insert into game (gamenum, hometeam, awayteam, homescore, awayscore, gamedate) values (963, 3, 9, 8, 10, '1998/10/21');
insert into game (gamenum, hometeam, awayteam, homescore, awayscore, gamedate) values (964, 11, 4, 9, 10, '1983/02/22');
insert into game (gamenum, hometeam, awayteam, homescore, awayscore, gamedate) values (965, 3, 5, 1, 4, '1998/06/17');
insert into game (gamenum, hometeam, awayteam, homescore, awayscore, gamedate) values (966, 4, 12, 10, 8, '1980/03/14');
insert into game (gamenum, hometeam, awayteam, homescore, awayscore, gamedate) values (967, 1, 11, 1, 3, '2018/03/17');
insert into game (gamenum, hometeam, awayteam, homescore, awayscore, gamedate) values (968, 10, 9, 4, 5, '1980/08/31');
insert into game (gamenum, hometeam, awayteam, homescore, awayscore, gamedate) values (969, 5, 5, 1, 1, '2018/04/19');
insert into game (gamenum, hometeam, awayteam, homescore, awayscore, gamedate) values (970, 5, 4, 8, 2, '1998/07/05');
insert into game (gamenum, hometeam, awayteam, homescore, awayscore, gamedate) values (971, 3, 5, 8, 4, '1997/10/02');
insert into game (gamenum, hometeam, awayteam, homescore, awayscore, gamedate) values (972, 8, 1, 2, 3, '2019/06/26');
insert into game (gamenum, hometeam, awayteam, homescore, awayscore, gamedate) values (973, 6, 9, 7, 0, '1981/10/23');
insert into game (gamenum, hometeam, awayteam, homescore, awayscore, gamedate) values (974, 11, 5, 9, 9, '2018/04/18');
insert into game (gamenum, hometeam, awayteam, homescore, awayscore, gamedate) values (975, 2, 4, 8, 3, '2005/07/14');
insert into game (gamenum, hometeam, awayteam, homescore, awayscore, gamedate) values (976, 4, 12, 7, 3, '2009/03/13');
insert into game (gamenum, hometeam, awayteam, homescore, awayscore, gamedate) values (977, 4, 1, 5, 8, '1975/09/14');
insert into game (gamenum, hometeam, awayteam, homescore, awayscore, gamedate) values (978, 12, 10, 7, 0, '1991/02/23');
insert into game (gamenum, hometeam, awayteam, homescore, awayscore, gamedate) values (979, 12, 11, 7, 4, '1980/11/23');
insert into game (gamenum, hometeam, awayteam, homescore, awayscore, gamedate) values (980, 7, 5, 1, 1, '2019/10/30');
insert into game (gamenum, hometeam, awayteam, homescore, awayscore, gamedate) values (981, 4, 8, 7, 4, '1971/06/12');
insert into game (gamenum, hometeam, awayteam, homescore, awayscore, gamedate) values (982, 3, 3, 2, 9, '1992/04/23');
insert into game (gamenum, hometeam, awayteam, homescore, awayscore, gamedate) values (983, 12, 6, 5, 3, '1978/02/15');
insert into game (gamenum, hometeam, awayteam, homescore, awayscore, gamedate) values (984, 7, 10, 5, 1, '1975/01/13');
insert into game (gamenum, hometeam, awayteam, homescore, awayscore, gamedate) values (985, 7, 8, 1, 4, '2018/03/29');
insert into game (gamenum, hometeam, awayteam, homescore, awayscore, gamedate) values (986, 11, 5, 2, 7, '2016/08/16');
insert into game (gamenum, hometeam, awayteam, homescore, awayscore, gamedate) values (987, 3, 10, 10, 7, '1977/01/01');
insert into game (gamenum, hometeam, awayteam, homescore, awayscore, gamedate) values (988, 5, 11, 4, 10, '2008/05/03');
insert into game (gamenum, hometeam, awayteam, homescore, awayscore, gamedate) values (989, 9, 8, 7, 10, '1975/02/17');
insert into game (gamenum, hometeam, awayteam, homescore, awayscore, gamedate) values (990, 4, 11, 9, 1, '1993/10/10');
insert into game (gamenum, hometeam, awayteam, homescore, awayscore, gamedate) values (991, 6, 2, 5, 2, '1983/07/11');
insert into game (gamenum, hometeam, awayteam, homescore, awayscore, gamedate) values (992, 5, 4, 8, 10, '1971/09/07');
insert into game (gamenum, hometeam, awayteam, homescore, awayscore, gamedate) values (993, 10, 10, 2, 8, '2016/07/22');
insert into game (gamenum, hometeam, awayteam, homescore, awayscore, gamedate) values (994, 1, 12, 1, 9, '1977/02/09');
insert into game (gamenum, hometeam, awayteam, homescore, awayscore, gamedate) values (995, 5, 3, 2, 1, '1989/08/03');
insert into game (gamenum, hometeam, awayteam, homescore, awayscore, gamedate) values (996, 12, 9, 1, 6, '1976/07/06');
insert into game (gamenum, hometeam, awayteam, homescore, awayscore, gamedate) values (997, 9, 10, 7, 9, '2009/09/15');
insert into game (gamenum, hometeam, awayteam, homescore, awayscore, gamedate) values (998, 1, 9, 7, 10, '1993/04/09');
insert into game (gamenum, hometeam, awayteam, homescore, awayscore, gamedate) values (999, 9, 3, 0, 1, '1996/02/20');
insert into game (gamenum, hometeam, awayteam, homescore, awayscore, gamedate) values (1000, 8, 1, 6, 5, '2001/03/31');

--골 테이블
insert into goal (goalnum, point, playernum, gamenum) values (1, 10, 110, 829);
insert into goal (goalnum, point, playernum, gamenum) values (2, 5, 78, 787);
insert into goal (goalnum, point, playernum, gamenum) values (3, 10, 144, 113);
insert into goal (goalnum, point, playernum, gamenum) values (4, 9, 44, 416);
insert into goal (goalnum, point, playernum, gamenum) values (5, 12, 8, 76);
insert into goal (goalnum, point, playernum, gamenum) values (6, 4, 33, 787);
insert into goal (goalnum, point, playernum, gamenum) values (7, 1, 11, 867);
insert into goal (goalnum, point, playernum, gamenum) values (8, 8, 21, 939);
insert into goal (goalnum, point, playernum, gamenum) values (9, 12, 64, 831);
insert into goal (goalnum, point, playernum, gamenum) values (10, 1, 70, 43);
insert into goal (goalnum, point, playernum, gamenum) values (11, 7, 140, 782);
insert into goal (goalnum, point, playernum, gamenum) values (12, 9, 92, 504);
insert into goal (goalnum, point, playernum, gamenum) values (13, 10, 55, 568);
insert into goal (goalnum, point, playernum, gamenum) values (14, 9, 97, 363);
insert into goal (goalnum, point, playernum, gamenum) values (15, 4, 114, 63);
insert into goal (goalnum, point, playernum, gamenum) values (16, 12, 71, 419);
insert into goal (goalnum, point, playernum, gamenum) values (17, 6, 86, 704);
insert into goal (goalnum, point, playernum, gamenum) values (18, 4, 147, 389);
insert into goal (goalnum, point, playernum, gamenum) values (19, 7, 147, 137);
insert into goal (goalnum, point, playernum, gamenum) values (20, 6, 101, 799);
insert into goal (goalnum, point, playernum, gamenum) values (21, 10, 111, 339);
insert into goal (goalnum, point, playernum, gamenum) values (22, 8, 45, 810);
insert into goal (goalnum, point, playernum, gamenum) values (23, 8, 89, 214);
insert into goal (goalnum, point, playernum, gamenum) values (24, 2, 82, 282);
insert into goal (goalnum, point, playernum, gamenum) values (25, 9, 89, 435);
insert into goal (goalnum, point, playernum, gamenum) values (26, 11, 143, 173);
insert into goal (goalnum, point, playernum, gamenum) values (27, 8, 79, 579);
insert into goal (goalnum, point, playernum, gamenum) values (28, 8, 104, 452);
insert into goal (goalnum, point, playernum, gamenum) values (29, 4, 87, 406);
insert into goal (goalnum, point, playernum, gamenum) values (30, 9, 97, 632);
insert into goal (goalnum, point, playernum, gamenum) values (31, 5, 108, 582);
insert into goal (goalnum, point, playernum, gamenum) values (32, 7, 104, 249);
insert into goal (goalnum, point, playernum, gamenum) values (33, 11, 84, 982);
insert into goal (goalnum, point, playernum, gamenum) values (34, 3, 60, 678);
insert into goal (goalnum, point, playernum, gamenum) values (35, 12, 126, 167);
insert into goal (goalnum, point, playernum, gamenum) values (36, 7, 53, 388);
insert into goal (goalnum, point, playernum, gamenum) values (37, 7, 79, 402);
insert into goal (goalnum, point, playernum, gamenum) values (38, 10, 26, 633);
insert into goal (goalnum, point, playernum, gamenum) values (39, 6, 81, 288);
insert into goal (goalnum, point, playernum, gamenum) values (40, 1, 3, 153);
insert into goal (goalnum, point, playernum, gamenum) values (41, 10, 92, 318);
insert into goal (goalnum, point, playernum, gamenum) values (42, 3, 102, 274);
insert into goal (goalnum, point, playernum, gamenum) values (43, 11, 130, 583);
insert into goal (goalnum, point, playernum, gamenum) values (44, 11, 134, 854);
insert into goal (goalnum, point, playernum, gamenum) values (45, 1, 63, 304);
insert into goal (goalnum, point, playernum, gamenum) values (46, 11, 108, 327);
insert into goal (goalnum, point, playernum, gamenum) values (47, 8, 83, 453);
insert into goal (goalnum, point, playernum, gamenum) values (48, 8, 6, 845);
insert into goal (goalnum, point, playernum, gamenum) values (49, 9, 77, 108);
insert into goal (goalnum, point, playernum, gamenum) values (50, 3, 79, 893);
insert into goal (goalnum, point, playernum, gamenum) values (51, 7, 71, 239);
insert into goal (goalnum, point, playernum, gamenum) values (52, 11, 32, 388);
insert into goal (goalnum, point, playernum, gamenum) values (53, 5, 105, 209);
insert into goal (goalnum, point, playernum, gamenum) values (54, 3, 110, 711);
insert into goal (goalnum, point, playernum, gamenum) values (55, 6, 54, 318);
insert into goal (goalnum, point, playernum, gamenum) values (56, 3, 42, 666);
insert into goal (goalnum, point, playernum, gamenum) values (57, 1, 92, 491);
insert into goal (goalnum, point, playernum, gamenum) values (58, 7, 30, 958);
insert into goal (goalnum, point, playernum, gamenum) values (59, 10, 99, 632);
insert into goal (goalnum, point, playernum, gamenum) values (60, 1, 92, 178);
insert into goal (goalnum, point, playernum, gamenum) values (61, 1, 84, 530);
insert into goal (goalnum, point, playernum, gamenum) values (62, 4, 145, 64);
insert into goal (goalnum, point, playernum, gamenum) values (63, 2, 66, 503);
insert into goal (goalnum, point, playernum, gamenum) values (64, 7, 109, 598);
insert into goal (goalnum, point, playernum, gamenum) values (65, 1, 7, 843);
insert into goal (goalnum, point, playernum, gamenum) values (66, 12, 147, 990);
insert into goal (goalnum, point, playernum, gamenum) values (67, 8, 115, 961);
insert into goal (goalnum, point, playernum, gamenum) values (68, 2, 142, 1);
insert into goal (goalnum, point, playernum, gamenum) values (69, 6, 142, 343);
insert into goal (goalnum, point, playernum, gamenum) values (70, 9, 42, 427);
insert into goal (goalnum, point, playernum, gamenum) values (71, 11, 49, 243);
insert into goal (goalnum, point, playernum, gamenum) values (72, 9, 70, 473);
insert into goal (goalnum, point, playernum, gamenum) values (73, 1, 98, 73);
insert into goal (goalnum, point, playernum, gamenum) values (74, 11, 89, 370);
insert into goal (goalnum, point, playernum, gamenum) values (75, 7, 77, 281);
insert into goal (goalnum, point, playernum, gamenum) values (76, 1, 33, 314);
insert into goal (goalnum, point, playernum, gamenum) values (77, 10, 53, 340);
insert into goal (goalnum, point, playernum, gamenum) values (78, 12, 41, 153);
insert into goal (goalnum, point, playernum, gamenum) values (79, 7, 76, 561);
insert into goal (goalnum, point, playernum, gamenum) values (80, 10, 57, 485);
insert into goal (goalnum, point, playernum, gamenum) values (81, 6, 34, 330);
insert into goal (goalnum, point, playernum, gamenum) values (82, 7, 40, 651);
insert into goal (goalnum, point, playernum, gamenum) values (83, 12, 60, 235);
insert into goal (goalnum, point, playernum, gamenum) values (84, 1, 97, 63);
insert into goal (goalnum, point, playernum, gamenum) values (85, 2, 74, 135);
insert into goal (goalnum, point, playernum, gamenum) values (86, 4, 14, 908);
insert into goal (goalnum, point, playernum, gamenum) values (87, 11, 37, 704);
insert into goal (goalnum, point, playernum, gamenum) values (88, 9, 71, 711);
insert into goal (goalnum, point, playernum, gamenum) values (89, 1, 143, 522);
insert into goal (goalnum, point, playernum, gamenum) values (90, 4, 81, 606);
insert into goal (goalnum, point, playernum, gamenum) values (91, 12, 126, 811);
insert into goal (goalnum, point, playernum, gamenum) values (92, 1, 88, 583);
insert into goal (goalnum, point, playernum, gamenum) values (93, 10, 86, 978);
insert into goal (goalnum, point, playernum, gamenum) values (94, 9, 137, 77);
insert into goal (goalnum, point, playernum, gamenum) values (95, 2, 24, 37);
insert into goal (goalnum, point, playernum, gamenum) values (96, 1, 86, 988);
insert into goal (goalnum, point, playernum, gamenum) values (97, 4, 79, 6);
insert into goal (goalnum, point, playernum, gamenum) values (98, 9, 1, 230);
insert into goal (goalnum, point, playernum, gamenum) values (99, 6, 152, 672);
insert into goal (goalnum, point, playernum, gamenum) values (100, 3, 125, 312);
insert into goal (goalnum, point, playernum, gamenum) values (101, 4, 63, 381);
insert into goal (goalnum, point, playernum, gamenum) values (102, 1, 65, 325);
insert into goal (goalnum, point, playernum, gamenum) values (103, 2, 36, 643);
insert into goal (goalnum, point, playernum, gamenum) values (104, 10, 48, 454);
insert into goal (goalnum, point, playernum, gamenum) values (105, 2, 11, 38);
insert into goal (goalnum, point, playernum, gamenum) values (106, 10, 43, 184);
insert into goal (goalnum, point, playernum, gamenum) values (107, 9, 144, 960);
insert into goal (goalnum, point, playernum, gamenum) values (108, 10, 131, 361);
insert into goal (goalnum, point, playernum, gamenum) values (109, 12, 103, 844);
insert into goal (goalnum, point, playernum, gamenum) values (110, 5, 137, 448);
insert into goal (goalnum, point, playernum, gamenum) values (111, 9, 23, 987);
insert into goal (goalnum, point, playernum, gamenum) values (112, 12, 61, 913);
insert into goal (goalnum, point, playernum, gamenum) values (113, 2, 22, 14);
insert into goal (goalnum, point, playernum, gamenum) values (114, 6, 101, 520);
insert into goal (goalnum, point, playernum, gamenum) values (115, 12, 89, 254);
insert into goal (goalnum, point, playernum, gamenum) values (116, 12, 111, 48);
insert into goal (goalnum, point, playernum, gamenum) values (117, 7, 9, 477);
insert into goal (goalnum, point, playernum, gamenum) values (118, 4, 38, 71);
insert into goal (goalnum, point, playernum, gamenum) values (119, 2, 34, 47);
insert into goal (goalnum, point, playernum, gamenum) values (120, 9, 90, 164);
insert into goal (goalnum, point, playernum, gamenum) values (121, 11, 15, 147);
insert into goal (goalnum, point, playernum, gamenum) values (122, 6, 96, 212);
insert into goal (goalnum, point, playernum, gamenum) values (123, 10, 97, 138);
insert into goal (goalnum, point, playernum, gamenum) values (124, 3, 20, 185);
insert into goal (goalnum, point, playernum, gamenum) values (125, 5, 69, 816);
insert into goal (goalnum, point, playernum, gamenum) values (126, 7, 114, 451);
insert into goal (goalnum, point, playernum, gamenum) values (127, 1, 100, 361);
insert into goal (goalnum, point, playernum, gamenum) values (128, 1, 100, 118);
insert into goal (goalnum, point, playernum, gamenum) values (129, 6, 68, 428);
insert into goal (goalnum, point, playernum, gamenum) values (130, 6, 72, 16);
insert into goal (goalnum, point, playernum, gamenum) values (131, 7, 108, 298);
insert into goal (goalnum, point, playernum, gamenum) values (132, 4, 2, 149);
insert into goal (goalnum, point, playernum, gamenum) values (133, 8, 138, 268);
insert into goal (goalnum, point, playernum, gamenum) values (134, 1, 81, 421);
insert into goal (goalnum, point, playernum, gamenum) values (135, 7, 126, 290);
insert into goal (goalnum, point, playernum, gamenum) values (136, 1, 88, 645);
insert into goal (goalnum, point, playernum, gamenum) values (137, 1, 73, 482);
insert into goal (goalnum, point, playernum, gamenum) values (138, 6, 65, 936);
insert into goal (goalnum, point, playernum, gamenum) values (139, 11, 47, 319);
insert into goal (goalnum, point, playernum, gamenum) values (140, 8, 45, 364);
insert into goal (goalnum, point, playernum, gamenum) values (141, 4, 102, 64);
insert into goal (goalnum, point, playernum, gamenum) values (142, 8, 70, 430);
insert into goal (goalnum, point, playernum, gamenum) values (143, 9, 87, 999);
insert into goal (goalnum, point, playernum, gamenum) values (144, 7, 14, 336);
insert into goal (goalnum, point, playernum, gamenum) values (145, 11, 36, 59);
insert into goal (goalnum, point, playernum, gamenum) values (146, 11, 82, 29);
insert into goal (goalnum, point, playernum, gamenum) values (147, 3, 111, 37);
insert into goal (goalnum, point, playernum, gamenum) values (148, 5, 40, 9);
insert into goal (goalnum, point, playernum, gamenum) values (149, 5, 70, 51);
insert into goal (goalnum, point, playernum, gamenum) values (150, 6, 7, 873);
insert into goal (goalnum, point, playernum, gamenum) values (151, 7, 37, 69);
insert into goal (goalnum, point, playernum, gamenum) values (152, 9, 99, 284);
insert into goal (goalnum, point, playernum, gamenum) values (153, 10, 71, 378);
insert into goal (goalnum, point, playernum, gamenum) values (154, 10, 44, 152);
insert into goal (goalnum, point, playernum, gamenum) values (155, 4, 128, 997);
insert into goal (goalnum, point, playernum, gamenum) values (156, 3, 106, 224);
insert into goal (goalnum, point, playernum, gamenum) values (157, 8, 102, 421);
insert into goal (goalnum, point, playernum, gamenum) values (158, 2, 117, 645);
insert into goal (goalnum, point, playernum, gamenum) values (159, 4, 7, 355);
insert into goal (goalnum, point, playernum, gamenum) values (160, 7, 130, 683);
insert into goal (goalnum, point, playernum, gamenum) values (161, 5, 81, 959);
insert into goal (goalnum, point, playernum, gamenum) values (162, 8, 131, 860);
insert into goal (goalnum, point, playernum, gamenum) values (163, 7, 90, 785);
insert into goal (goalnum, point, playernum, gamenum) values (164, 6, 108, 887);
insert into goal (goalnum, point, playernum, gamenum) values (165, 8, 149, 926);
insert into goal (goalnum, point, playernum, gamenum) values (166, 4, 140, 411);
insert into goal (goalnum, point, playernum, gamenum) values (167, 4, 8, 976);
insert into goal (goalnum, point, playernum, gamenum) values (168, 9, 31, 237);
insert into goal (goalnum, point, playernum, gamenum) values (169, 6, 50, 73);
insert into goal (goalnum, point, playernum, gamenum) values (170, 6, 91, 783);
insert into goal (goalnum, point, playernum, gamenum) values (171, 10, 5, 264);
insert into goal (goalnum, point, playernum, gamenum) values (172, 11, 102, 132);
insert into goal (goalnum, point, playernum, gamenum) values (173, 6, 24, 769);
insert into goal (goalnum, point, playernum, gamenum) values (174, 1, 17, 738);
insert into goal (goalnum, point, playernum, gamenum) values (175, 2, 82, 127);
insert into goal (goalnum, point, playernum, gamenum) values (176, 7, 110, 816);
insert into goal (goalnum, point, playernum, gamenum) values (177, 9, 124, 949);
insert into goal (goalnum, point, playernum, gamenum) values (178, 1, 14, 625);
insert into goal (goalnum, point, playernum, gamenum) values (179, 3, 115, 941);
insert into goal (goalnum, point, playernum, gamenum) values (180, 11, 106, 169);
insert into goal (goalnum, point, playernum, gamenum) values (181, 8, 21, 474);
insert into goal (goalnum, point, playernum, gamenum) values (182, 1, 10, 522);
insert into goal (goalnum, point, playernum, gamenum) values (183, 4, 30, 609);
insert into goal (goalnum, point, playernum, gamenum) values (184, 12, 4, 376);
insert into goal (goalnum, point, playernum, gamenum) values (185, 6, 114, 333);
insert into goal (goalnum, point, playernum, gamenum) values (186, 7, 55, 94);
insert into goal (goalnum, point, playernum, gamenum) values (187, 2, 88, 563);
insert into goal (goalnum, point, playernum, gamenum) values (188, 9, 63, 149);
insert into goal (goalnum, point, playernum, gamenum) values (189, 4, 126, 642);
insert into goal (goalnum, point, playernum, gamenum) values (190, 10, 154, 512);
insert into goal (goalnum, point, playernum, gamenum) values (191, 11, 113, 727);
insert into goal (goalnum, point, playernum, gamenum) values (192, 4, 23, 470);
insert into goal (goalnum, point, playernum, gamenum) values (193, 5, 46, 433);
insert into goal (goalnum, point, playernum, gamenum) values (194, 8, 123, 118);
insert into goal (goalnum, point, playernum, gamenum) values (195, 10, 120, 193);
insert into goal (goalnum, point, playernum, gamenum) values (196, 9, 14, 190);
insert into goal (goalnum, point, playernum, gamenum) values (197, 2, 109, 154);
insert into goal (goalnum, point, playernum, gamenum) values (198, 1, 136, 378);
insert into goal (goalnum, point, playernum, gamenum) values (199, 5, 78, 582);
insert into goal (goalnum, point, playernum, gamenum) values (200, 10, 2, 122);
insert into goal (goalnum, point, playernum, gamenum) values (201, 11, 128, 918);
insert into goal (goalnum, point, playernum, gamenum) values (202, 12, 116, 49);
insert into goal (goalnum, point, playernum, gamenum) values (203, 2, 112, 424);
insert into goal (goalnum, point, playernum, gamenum) values (204, 10, 104, 571);
insert into goal (goalnum, point, playernum, gamenum) values (205, 9, 104, 260);
insert into goal (goalnum, point, playernum, gamenum) values (206, 5, 119, 425);
insert into goal (goalnum, point, playernum, gamenum) values (207, 12, 14, 639);
insert into goal (goalnum, point, playernum, gamenum) values (208, 6, 10, 463);
insert into goal (goalnum, point, playernum, gamenum) values (209, 2, 53, 390);
insert into goal (goalnum, point, playernum, gamenum) values (210, 4, 80, 137);
insert into goal (goalnum, point, playernum, gamenum) values (211, 10, 120, 166);
insert into goal (goalnum, point, playernum, gamenum) values (212, 6, 118, 914);
insert into goal (goalnum, point, playernum, gamenum) values (213, 9, 101, 916);
insert into goal (goalnum, point, playernum, gamenum) values (214, 11, 13, 709);
insert into goal (goalnum, point, playernum, gamenum) values (215, 12, 63, 617);
insert into goal (goalnum, point, playernum, gamenum) values (216, 1, 78, 420);
insert into goal (goalnum, point, playernum, gamenum) values (217, 6, 10, 796);
insert into goal (goalnum, point, playernum, gamenum) values (218, 1, 132, 592);
insert into goal (goalnum, point, playernum, gamenum) values (219, 2, 150, 859);
insert into goal (goalnum, point, playernum, gamenum) values (220, 3, 125, 448);
insert into goal (goalnum, point, playernum, gamenum) values (221, 7, 114, 118);
insert into goal (goalnum, point, playernum, gamenum) values (222, 7, 4, 888);
insert into goal (goalnum, point, playernum, gamenum) values (223, 8, 21, 725);
insert into goal (goalnum, point, playernum, gamenum) values (224, 10, 123, 276);
insert into goal (goalnum, point, playernum, gamenum) values (225, 9, 133, 39);
insert into goal (goalnum, point, playernum, gamenum) values (226, 7, 128, 151);
insert into goal (goalnum, point, playernum, gamenum) values (227, 7, 146, 260);
insert into goal (goalnum, point, playernum, gamenum) values (228, 4, 17, 336);
insert into goal (goalnum, point, playernum, gamenum) values (229, 10, 121, 692);
insert into goal (goalnum, point, playernum, gamenum) values (230, 5, 134, 80);
insert into goal (goalnum, point, playernum, gamenum) values (231, 5, 25, 409);
insert into goal (goalnum, point, playernum, gamenum) values (232, 12, 50, 435);
insert into goal (goalnum, point, playernum, gamenum) values (233, 11, 88, 817);
insert into goal (goalnum, point, playernum, gamenum) values (234, 3, 44, 80);
insert into goal (goalnum, point, playernum, gamenum) values (235, 10, 154, 726);
insert into goal (goalnum, point, playernum, gamenum) values (236, 2, 153, 12);
insert into goal (goalnum, point, playernum, gamenum) values (237, 3, 31, 211);
insert into goal (goalnum, point, playernum, gamenum) values (238, 8, 132, 512);
insert into goal (goalnum, point, playernum, gamenum) values (239, 7, 99, 653);
insert into goal (goalnum, point, playernum, gamenum) values (240, 6, 150, 202);
insert into goal (goalnum, point, playernum, gamenum) values (241, 3, 31, 485);
insert into goal (goalnum, point, playernum, gamenum) values (242, 1, 132, 422);
insert into goal (goalnum, point, playernum, gamenum) values (243, 3, 91, 755);
insert into goal (goalnum, point, playernum, gamenum) values (244, 8, 39, 244);
insert into goal (goalnum, point, playernum, gamenum) values (245, 2, 7, 61);
insert into goal (goalnum, point, playernum, gamenum) values (246, 7, 86, 302);
insert into goal (goalnum, point, playernum, gamenum) values (247, 7, 15, 297);
insert into goal (goalnum, point, playernum, gamenum) values (248, 9, 24, 97);
insert into goal (goalnum, point, playernum, gamenum) values (249, 2, 56, 922);
insert into goal (goalnum, point, playernum, gamenum) values (250, 5, 101, 942);
insert into goal (goalnum, point, playernum, gamenum) values (251, 3, 137, 540);
insert into goal (goalnum, point, playernum, gamenum) values (252, 10, 73, 552);
insert into goal (goalnum, point, playernum, gamenum) values (253, 8, 17, 840);
insert into goal (goalnum, point, playernum, gamenum) values (254, 8, 115, 407);
insert into goal (goalnum, point, playernum, gamenum) values (255, 9, 37, 771);
insert into goal (goalnum, point, playernum, gamenum) values (256, 6, 14, 251);
insert into goal (goalnum, point, playernum, gamenum) values (257, 1, 96, 359);
insert into goal (goalnum, point, playernum, gamenum) values (258, 10, 68, 593);
insert into goal (goalnum, point, playernum, gamenum) values (259, 5, 147, 363);
insert into goal (goalnum, point, playernum, gamenum) values (260, 8, 134, 871);
insert into goal (goalnum, point, playernum, gamenum) values (261, 4, 75, 652);
insert into goal (goalnum, point, playernum, gamenum) values (262, 4, 1, 65);
insert into goal (goalnum, point, playernum, gamenum) values (263, 11, 50, 827);
insert into goal (goalnum, point, playernum, gamenum) values (264, 6, 134, 476);
insert into goal (goalnum, point, playernum, gamenum) values (265, 3, 20, 640);
insert into goal (goalnum, point, playernum, gamenum) values (266, 2, 53, 97);
insert into goal (goalnum, point, playernum, gamenum) values (267, 7, 14, 902);
insert into goal (goalnum, point, playernum, gamenum) values (268, 7, 101, 40);
insert into goal (goalnum, point, playernum, gamenum) values (269, 4, 85, 907);
insert into goal (goalnum, point, playernum, gamenum) values (270, 9, 45, 92);
insert into goal (goalnum, point, playernum, gamenum) values (271, 2, 102, 151);
insert into goal (goalnum, point, playernum, gamenum) values (272, 1, 100, 287);
insert into goal (goalnum, point, playernum, gamenum) values (273, 2, 34, 38);
insert into goal (goalnum, point, playernum, gamenum) values (274, 4, 2, 840);
insert into goal (goalnum, point, playernum, gamenum) values (275, 6, 2, 21);
insert into goal (goalnum, point, playernum, gamenum) values (276, 7, 95, 113);
insert into goal (goalnum, point, playernum, gamenum) values (277, 4, 115, 208);
insert into goal (goalnum, point, playernum, gamenum) values (278, 7, 138, 901);
insert into goal (goalnum, point, playernum, gamenum) values (279, 10, 149, 224);
insert into goal (goalnum, point, playernum, gamenum) values (280, 4, 130, 163);
insert into goal (goalnum, point, playernum, gamenum) values (281, 8, 104, 168);
insert into goal (goalnum, point, playernum, gamenum) values (282, 11, 62, 409);
insert into goal (goalnum, point, playernum, gamenum) values (283, 10, 42, 915);
insert into goal (goalnum, point, playernum, gamenum) values (284, 6, 97, 256);
insert into goal (goalnum, point, playernum, gamenum) values (285, 1, 59, 767);
insert into goal (goalnum, point, playernum, gamenum) values (286, 7, 23, 5);
insert into goal (goalnum, point, playernum, gamenum) values (287, 9, 122, 897);
insert into goal (goalnum, point, playernum, gamenum) values (288, 2, 96, 720);
insert into goal (goalnum, point, playernum, gamenum) values (289, 4, 103, 971);
insert into goal (goalnum, point, playernum, gamenum) values (290, 9, 99, 307);
insert into goal (goalnum, point, playernum, gamenum) values (291, 10, 41, 648);
insert into goal (goalnum, point, playernum, gamenum) values (292, 8, 92, 999);
insert into goal (goalnum, point, playernum, gamenum) values (293, 11, 36, 348);
insert into goal (goalnum, point, playernum, gamenum) values (294, 10, 93, 857);
insert into goal (goalnum, point, playernum, gamenum) values (295, 3, 130, 143);
insert into goal (goalnum, point, playernum, gamenum) values (296, 2, 151, 743);
insert into goal (goalnum, point, playernum, gamenum) values (297, 8, 98, 175);
insert into goal (goalnum, point, playernum, gamenum) values (298, 1, 85, 263);
insert into goal (goalnum, point, playernum, gamenum) values (299, 7, 140, 997);
insert into goal (goalnum, point, playernum, gamenum) values (300, 3, 39, 492);
insert into goal (goalnum, point, playernum, gamenum) values (301, 10, 107, 218);
insert into goal (goalnum, point, playernum, gamenum) values (302, 2, 123, 34);
insert into goal (goalnum, point, playernum, gamenum) values (303, 11, 116, 734);
insert into goal (goalnum, point, playernum, gamenum) values (304, 4, 63, 482);
insert into goal (goalnum, point, playernum, gamenum) values (305, 1, 47, 814);
insert into goal (goalnum, point, playernum, gamenum) values (306, 6, 112, 976);
insert into goal (goalnum, point, playernum, gamenum) values (307, 1, 152, 598);
insert into goal (goalnum, point, playernum, gamenum) values (308, 7, 57, 978);
insert into goal (goalnum, point, playernum, gamenum) values (309, 11, 23, 524);
insert into goal (goalnum, point, playernum, gamenum) values (310, 6, 1, 656);
insert into goal (goalnum, point, playernum, gamenum) values (311, 4, 80, 498);
insert into goal (goalnum, point, playernum, gamenum) values (312, 7, 26, 325);
insert into goal (goalnum, point, playernum, gamenum) values (313, 6, 121, 475);
insert into goal (goalnum, point, playernum, gamenum) values (314, 2, 70, 629);
insert into goal (goalnum, point, playernum, gamenum) values (315, 3, 28, 198);
insert into goal (goalnum, point, playernum, gamenum) values (316, 11, 152, 793);
insert into goal (goalnum, point, playernum, gamenum) values (317, 7, 39, 341);
insert into goal (goalnum, point, playernum, gamenum) values (318, 9, 34, 837);
insert into goal (goalnum, point, playernum, gamenum) values (319, 5, 154, 518);
insert into goal (goalnum, point, playernum, gamenum) values (320, 5, 81, 103);
insert into goal (goalnum, point, playernum, gamenum) values (321, 8, 124, 928);
insert into goal (goalnum, point, playernum, gamenum) values (322, 4, 45, 42);
insert into goal (goalnum, point, playernum, gamenum) values (323, 6, 60, 233);
insert into goal (goalnum, point, playernum, gamenum) values (324, 7, 47, 968);
insert into goal (goalnum, point, playernum, gamenum) values (325, 12, 30, 832);
insert into goal (goalnum, point, playernum, gamenum) values (326, 7, 18, 891);
insert into goal (goalnum, point, playernum, gamenum) values (327, 12, 29, 284);
insert into goal (goalnum, point, playernum, gamenum) values (328, 5, 72, 20);
insert into goal (goalnum, point, playernum, gamenum) values (329, 7, 73, 457);
insert into goal (goalnum, point, playernum, gamenum) values (330, 1, 79, 547);
insert into goal (goalnum, point, playernum, gamenum) values (331, 7, 40, 926);
insert into goal (goalnum, point, playernum, gamenum) values (332, 8, 119, 664);
insert into goal (goalnum, point, playernum, gamenum) values (333, 9, 12, 777);
insert into goal (goalnum, point, playernum, gamenum) values (334, 4, 141, 229);
insert into goal (goalnum, point, playernum, gamenum) values (335, 11, 120, 629);
insert into goal (goalnum, point, playernum, gamenum) values (336, 7, 62, 140);
insert into goal (goalnum, point, playernum, gamenum) values (337, 6, 83, 226);
insert into goal (goalnum, point, playernum, gamenum) values (338, 8, 96, 391);
insert into goal (goalnum, point, playernum, gamenum) values (339, 10, 145, 75);
insert into goal (goalnum, point, playernum, gamenum) values (340, 7, 1, 361);
insert into goal (goalnum, point, playernum, gamenum) values (341, 4, 117, 259);
insert into goal (goalnum, point, playernum, gamenum) values (342, 3, 59, 343);
insert into goal (goalnum, point, playernum, gamenum) values (343, 5, 6, 297);
insert into goal (goalnum, point, playernum, gamenum) values (344, 6, 11, 105);
insert into goal (goalnum, point, playernum, gamenum) values (345, 2, 77, 582);
insert into goal (goalnum, point, playernum, gamenum) values (346, 12, 81, 139);
insert into goal (goalnum, point, playernum, gamenum) values (347, 10, 83, 615);
insert into goal (goalnum, point, playernum, gamenum) values (348, 10, 49, 914);
insert into goal (goalnum, point, playernum, gamenum) values (349, 10, 154, 135);
insert into goal (goalnum, point, playernum, gamenum) values (350, 3, 12, 197);
insert into goal (goalnum, point, playernum, gamenum) values (351, 5, 137, 416);
insert into goal (goalnum, point, playernum, gamenum) values (352, 1, 108, 666);
insert into goal (goalnum, point, playernum, gamenum) values (353, 4, 66, 541);
insert into goal (goalnum, point, playernum, gamenum) values (354, 9, 31, 312);
insert into goal (goalnum, point, playernum, gamenum) values (355, 4, 78, 609);
insert into goal (goalnum, point, playernum, gamenum) values (356, 5, 73, 694);
insert into goal (goalnum, point, playernum, gamenum) values (357, 9, 38, 595);
insert into goal (goalnum, point, playernum, gamenum) values (358, 5, 40, 352);
insert into goal (goalnum, point, playernum, gamenum) values (359, 11, 141, 291);
insert into goal (goalnum, point, playernum, gamenum) values (360, 2, 78, 930);
insert into goal (goalnum, point, playernum, gamenum) values (361, 9, 73, 766);
insert into goal (goalnum, point, playernum, gamenum) values (362, 12, 27, 553);
insert into goal (goalnum, point, playernum, gamenum) values (363, 9, 77, 164);
insert into goal (goalnum, point, playernum, gamenum) values (364, 7, 52, 840);
insert into goal (goalnum, point, playernum, gamenum) values (365, 10, 113, 456);
insert into goal (goalnum, point, playernum, gamenum) values (366, 2, 11, 269);
insert into goal (goalnum, point, playernum, gamenum) values (367, 2, 101, 572);
insert into goal (goalnum, point, playernum, gamenum) values (368, 12, 154, 713);
insert into goal (goalnum, point, playernum, gamenum) values (369, 6, 90, 690);
insert into goal (goalnum, point, playernum, gamenum) values (370, 5, 128, 842);
insert into goal (goalnum, point, playernum, gamenum) values (371, 10, 15, 187);
insert into goal (goalnum, point, playernum, gamenum) values (372, 7, 37, 211);
insert into goal (goalnum, point, playernum, gamenum) values (373, 9, 116, 571);
insert into goal (goalnum, point, playernum, gamenum) values (374, 12, 60, 551);
insert into goal (goalnum, point, playernum, gamenum) values (375, 9, 37, 606);
insert into goal (goalnum, point, playernum, gamenum) values (376, 9, 1, 805);
insert into goal (goalnum, point, playernum, gamenum) values (377, 9, 19, 814);
insert into goal (goalnum, point, playernum, gamenum) values (378, 12, 16, 461);
insert into goal (goalnum, point, playernum, gamenum) values (379, 2, 35, 749);
insert into goal (goalnum, point, playernum, gamenum) values (380, 4, 4, 714);
insert into goal (goalnum, point, playernum, gamenum) values (381, 11, 3, 725);
insert into goal (goalnum, point, playernum, gamenum) values (382, 5, 73, 808);
insert into goal (goalnum, point, playernum, gamenum) values (383, 6, 116, 283);
insert into goal (goalnum, point, playernum, gamenum) values (384, 6, 81, 372);
insert into goal (goalnum, point, playernum, gamenum) values (385, 11, 1, 825);
insert into goal (goalnum, point, playernum, gamenum) values (386, 11, 15, 494);
insert into goal (goalnum, point, playernum, gamenum) values (387, 3, 115, 821);
insert into goal (goalnum, point, playernum, gamenum) values (388, 4, 81, 7);
insert into goal (goalnum, point, playernum, gamenum) values (389, 11, 13, 885);
insert into goal (goalnum, point, playernum, gamenum) values (390, 10, 8, 893);
insert into goal (goalnum, point, playernum, gamenum) values (391, 3, 63, 548);
insert into goal (goalnum, point, playernum, gamenum) values (392, 12, 63, 928);
insert into goal (goalnum, point, playernum, gamenum) values (393, 5, 52, 786);
insert into goal (goalnum, point, playernum, gamenum) values (394, 5, 73, 936);
insert into goal (goalnum, point, playernum, gamenum) values (395, 5, 78, 390);
insert into goal (goalnum, point, playernum, gamenum) values (396, 10, 20, 155);
insert into goal (goalnum, point, playernum, gamenum) values (397, 2, 100, 323);
insert into goal (goalnum, point, playernum, gamenum) values (398, 3, 57, 62);
insert into goal (goalnum, point, playernum, gamenum) values (399, 9, 6, 162);
insert into goal (goalnum, point, playernum, gamenum) values (400, 5, 12, 785);
insert into goal (goalnum, point, playernum, gamenum) values (401, 6, 152, 225);
insert into goal (goalnum, point, playernum, gamenum) values (402, 5, 10, 387);
insert into goal (goalnum, point, playernum, gamenum) values (403, 12, 104, 705);
insert into goal (goalnum, point, playernum, gamenum) values (404, 4, 96, 764);
insert into goal (goalnum, point, playernum, gamenum) values (405, 2, 119, 954);
insert into goal (goalnum, point, playernum, gamenum) values (406, 8, 56, 423);
insert into goal (goalnum, point, playernum, gamenum) values (407, 10, 15, 169);
insert into goal (goalnum, point, playernum, gamenum) values (408, 10, 22, 317);
insert into goal (goalnum, point, playernum, gamenum) values (409, 4, 19, 100);
insert into goal (goalnum, point, playernum, gamenum) values (410, 3, 97, 494);
insert into goal (goalnum, point, playernum, gamenum) values (411, 5, 2, 245);
insert into goal (goalnum, point, playernum, gamenum) values (412, 2, 61, 724);
insert into goal (goalnum, point, playernum, gamenum) values (413, 9, 63, 92);
insert into goal (goalnum, point, playernum, gamenum) values (414, 3, 4, 321);
insert into goal (goalnum, point, playernum, gamenum) values (415, 2, 108, 861);
insert into goal (goalnum, point, playernum, gamenum) values (416, 3, 144, 206);
insert into goal (goalnum, point, playernum, gamenum) values (417, 8, 13, 111);
insert into goal (goalnum, point, playernum, gamenum) values (418, 3, 120, 833);
insert into goal (goalnum, point, playernum, gamenum) values (419, 11, 96, 524);
insert into goal (goalnum, point, playernum, gamenum) values (420, 4, 25, 227);
insert into goal (goalnum, point, playernum, gamenum) values (421, 4, 102, 731);
insert into goal (goalnum, point, playernum, gamenum) values (422, 9, 17, 10);
insert into goal (goalnum, point, playernum, gamenum) values (423, 4, 58, 234);
insert into goal (goalnum, point, playernum, gamenum) values (424, 7, 59, 653);
insert into goal (goalnum, point, playernum, gamenum) values (425, 1, 110, 520);
insert into goal (goalnum, point, playernum, gamenum) values (426, 4, 70, 635);
insert into goal (goalnum, point, playernum, gamenum) values (427, 12, 138, 727);
insert into goal (goalnum, point, playernum, gamenum) values (428, 4, 98, 835);
insert into goal (goalnum, point, playernum, gamenum) values (429, 5, 81, 330);
insert into goal (goalnum, point, playernum, gamenum) values (430, 6, 2, 875);
insert into goal (goalnum, point, playernum, gamenum) values (431, 1, 86, 617);
insert into goal (goalnum, point, playernum, gamenum) values (432, 1, 153, 553);
insert into goal (goalnum, point, playernum, gamenum) values (433, 11, 34, 757);
insert into goal (goalnum, point, playernum, gamenum) values (434, 10, 83, 284);
insert into goal (goalnum, point, playernum, gamenum) values (435, 7, 50, 323);
insert into goal (goalnum, point, playernum, gamenum) values (436, 11, 65, 654);
insert into goal (goalnum, point, playernum, gamenum) values (437, 4, 100, 561);
insert into goal (goalnum, point, playernum, gamenum) values (438, 12, 122, 231);
insert into goal (goalnum, point, playernum, gamenum) values (439, 2, 58, 183);
insert into goal (goalnum, point, playernum, gamenum) values (440, 12, 67, 522);
insert into goal (goalnum, point, playernum, gamenum) values (441, 12, 21, 652);
insert into goal (goalnum, point, playernum, gamenum) values (442, 3, 55, 994);
insert into goal (goalnum, point, playernum, gamenum) values (443, 6, 80, 277);
insert into goal (goalnum, point, playernum, gamenum) values (444, 12, 30, 59);
insert into goal (goalnum, point, playernum, gamenum) values (445, 1, 123, 24);
insert into goal (goalnum, point, playernum, gamenum) values (446, 6, 31, 818);
insert into goal (goalnum, point, playernum, gamenum) values (447, 2, 118, 831);
insert into goal (goalnum, point, playernum, gamenum) values (448, 9, 5, 679);
insert into goal (goalnum, point, playernum, gamenum) values (449, 12, 101, 402);
insert into goal (goalnum, point, playernum, gamenum) values (450, 6, 113, 57);
insert into goal (goalnum, point, playernum, gamenum) values (451, 9, 148, 857);
insert into goal (goalnum, point, playernum, gamenum) values (452, 8, 33, 214);
insert into goal (goalnum, point, playernum, gamenum) values (453, 11, 18, 187);
insert into goal (goalnum, point, playernum, gamenum) values (454, 6, 154, 930);
insert into goal (goalnum, point, playernum, gamenum) values (455, 5, 100, 897);
insert into goal (goalnum, point, playernum, gamenum) values (456, 4, 37, 398);
insert into goal (goalnum, point, playernum, gamenum) values (457, 1, 61, 642);
insert into goal (goalnum, point, playernum, gamenum) values (458, 10, 118, 221);
insert into goal (goalnum, point, playernum, gamenum) values (459, 1, 39, 73);
insert into goal (goalnum, point, playernum, gamenum) values (460, 11, 138, 473);
insert into goal (goalnum, point, playernum, gamenum) values (461, 3, 72, 981);
insert into goal (goalnum, point, playernum, gamenum) values (462, 12, 90, 329);
insert into goal (goalnum, point, playernum, gamenum) values (463, 9, 75, 15);
insert into goal (goalnum, point, playernum, gamenum) values (464, 10, 22, 497);
insert into goal (goalnum, point, playernum, gamenum) values (465, 12, 107, 877);
insert into goal (goalnum, point, playernum, gamenum) values (466, 12, 103, 3);
insert into goal (goalnum, point, playernum, gamenum) values (467, 2, 132, 390);
insert into goal (goalnum, point, playernum, gamenum) values (468, 8, 148, 170);
insert into goal (goalnum, point, playernum, gamenum) values (469, 11, 124, 192);
insert into goal (goalnum, point, playernum, gamenum) values (470, 6, 31, 460);
insert into goal (goalnum, point, playernum, gamenum) values (471, 4, 60, 697);
insert into goal (goalnum, point, playernum, gamenum) values (472, 11, 94, 350);
insert into goal (goalnum, point, playernum, gamenum) values (473, 2, 57, 377);
insert into goal (goalnum, point, playernum, gamenum) values (474, 10, 141, 970);
insert into goal (goalnum, point, playernum, gamenum) values (475, 4, 72, 895);
insert into goal (goalnum, point, playernum, gamenum) values (476, 9, 71, 575);
insert into goal (goalnum, point, playernum, gamenum) values (477, 2, 11, 731);
insert into goal (goalnum, point, playernum, gamenum) values (478, 4, 56, 555);
insert into goal (goalnum, point, playernum, gamenum) values (479, 4, 137, 505);
insert into goal (goalnum, point, playernum, gamenum) values (480, 7, 26, 625);
insert into goal (goalnum, point, playernum, gamenum) values (481, 6, 72, 338);
insert into goal (goalnum, point, playernum, gamenum) values (482, 6, 59, 966);
insert into goal (goalnum, point, playernum, gamenum) values (483, 7, 7, 484);
insert into goal (goalnum, point, playernum, gamenum) values (484, 1, 144, 921);
insert into goal (goalnum, point, playernum, gamenum) values (485, 4, 38, 668);
insert into goal (goalnum, point, playernum, gamenum) values (486, 1, 20, 648);
insert into goal (goalnum, point, playernum, gamenum) values (487, 8, 17, 135);
insert into goal (goalnum, point, playernum, gamenum) values (488, 10, 65, 542);
insert into goal (goalnum, point, playernum, gamenum) values (489, 6, 4, 108);
insert into goal (goalnum, point, playernum, gamenum) values (490, 2, 2, 5);
insert into goal (goalnum, point, playernum, gamenum) values (491, 5, 147, 790);
insert into goal (goalnum, point, playernum, gamenum) values (492, 10, 110, 437);
insert into goal (goalnum, point, playernum, gamenum) values (493, 7, 43, 47);
insert into goal (goalnum, point, playernum, gamenum) values (494, 6, 74, 200);
insert into goal (goalnum, point, playernum, gamenum) values (495, 9, 49, 845);
insert into goal (goalnum, point, playernum, gamenum) values (496, 6, 65, 672);
insert into goal (goalnum, point, playernum, gamenum) values (497, 10, 146, 574);
insert into goal (goalnum, point, playernum, gamenum) values (498, 8, 127, 981);
insert into goal (goalnum, point, playernum, gamenum) values (499, 7, 34, 387);
insert into goal (goalnum, point, playernum, gamenum) values (500, 1, 29, 191);
insert into goal (goalnum, point, playernum, gamenum) values (501, 3, 107, 738);
insert into goal (goalnum, point, playernum, gamenum) values (502, 11, 32, 260);
insert into goal (goalnum, point, playernum, gamenum) values (503, 8, 116, 621);
insert into goal (goalnum, point, playernum, gamenum) values (504, 9, 116, 39);
insert into goal (goalnum, point, playernum, gamenum) values (505, 6, 97, 277);
insert into goal (goalnum, point, playernum, gamenum) values (506, 5, 4, 65);
insert into goal (goalnum, point, playernum, gamenum) values (507, 2, 16, 458);
insert into goal (goalnum, point, playernum, gamenum) values (508, 6, 21, 994);
insert into goal (goalnum, point, playernum, gamenum) values (509, 6, 103, 197);
insert into goal (goalnum, point, playernum, gamenum) values (510, 5, 152, 796);
insert into goal (goalnum, point, playernum, gamenum) values (511, 11, 105, 299);
insert into goal (goalnum, point, playernum, gamenum) values (512, 12, 62, 659);
insert into goal (goalnum, point, playernum, gamenum) values (513, 4, 152, 274);
insert into goal (goalnum, point, playernum, gamenum) values (514, 9, 76, 11);
insert into goal (goalnum, point, playernum, gamenum) values (515, 5, 8, 426);
insert into goal (goalnum, point, playernum, gamenum) values (516, 2, 74, 898);
insert into goal (goalnum, point, playernum, gamenum) values (517, 3, 121, 220);
insert into goal (goalnum, point, playernum, gamenum) values (518, 2, 138, 267);
insert into goal (goalnum, point, playernum, gamenum) values (519, 1, 44, 207);
insert into goal (goalnum, point, playernum, gamenum) values (520, 9, 120, 484);
insert into goal (goalnum, point, playernum, gamenum) values (521, 7, 100, 945);
insert into goal (goalnum, point, playernum, gamenum) values (522, 8, 26, 845);
insert into goal (goalnum, point, playernum, gamenum) values (523, 11, 29, 868);
insert into goal (goalnum, point, playernum, gamenum) values (524, 4, 34, 520);
insert into goal (goalnum, point, playernum, gamenum) values (525, 10, 108, 841);
insert into goal (goalnum, point, playernum, gamenum) values (526, 12, 92, 159);
insert into goal (goalnum, point, playernum, gamenum) values (527, 8, 95, 54);
insert into goal (goalnum, point, playernum, gamenum) values (528, 2, 27, 397);
insert into goal (goalnum, point, playernum, gamenum) values (529, 12, 124, 305);
insert into goal (goalnum, point, playernum, gamenum) values (530, 8, 139, 518);
insert into goal (goalnum, point, playernum, gamenum) values (531, 3, 42, 993);
insert into goal (goalnum, point, playernum, gamenum) values (532, 5, 41, 194);
insert into goal (goalnum, point, playernum, gamenum) values (533, 1, 88, 349);
insert into goal (goalnum, point, playernum, gamenum) values (534, 10, 110, 421);
insert into goal (goalnum, point, playernum, gamenum) values (535, 9, 135, 742);
insert into goal (goalnum, point, playernum, gamenum) values (536, 6, 71, 213);
insert into goal (goalnum, point, playernum, gamenum) values (537, 9, 80, 162);
insert into goal (goalnum, point, playernum, gamenum) values (538, 8, 29, 221);
insert into goal (goalnum, point, playernum, gamenum) values (539, 2, 73, 7);
insert into goal (goalnum, point, playernum, gamenum) values (540, 7, 21, 441);
insert into goal (goalnum, point, playernum, gamenum) values (541, 5, 22, 991);
insert into goal (goalnum, point, playernum, gamenum) values (542, 6, 89, 827);
insert into goal (goalnum, point, playernum, gamenum) values (543, 8, 57, 663);
insert into goal (goalnum, point, playernum, gamenum) values (544, 4, 82, 524);
insert into goal (goalnum, point, playernum, gamenum) values (545, 9, 64, 346);
insert into goal (goalnum, point, playernum, gamenum) values (546, 8, 75, 252);
insert into goal (goalnum, point, playernum, gamenum) values (547, 11, 105, 131);
insert into goal (goalnum, point, playernum, gamenum) values (548, 6, 92, 843);
insert into goal (goalnum, point, playernum, gamenum) values (549, 7, 39, 677);
insert into goal (goalnum, point, playernum, gamenum) values (550, 8, 12, 832);
insert into goal (goalnum, point, playernum, gamenum) values (551, 3, 84, 610);
insert into goal (goalnum, point, playernum, gamenum) values (552, 6, 75, 103);
insert into goal (goalnum, point, playernum, gamenum) values (553, 3, 24, 595);
insert into goal (goalnum, point, playernum, gamenum) values (554, 9, 109, 524);
insert into goal (goalnum, point, playernum, gamenum) values (555, 4, 1, 168);
insert into goal (goalnum, point, playernum, gamenum) values (556, 5, 4, 131);
insert into goal (goalnum, point, playernum, gamenum) values (557, 12, 97, 74);
insert into goal (goalnum, point, playernum, gamenum) values (558, 4, 51, 138);
insert into goal (goalnum, point, playernum, gamenum) values (559, 10, 149, 296);
insert into goal (goalnum, point, playernum, gamenum) values (560, 4, 76, 263);
insert into goal (goalnum, point, playernum, gamenum) values (561, 8, 111, 328);
insert into goal (goalnum, point, playernum, gamenum) values (562, 9, 60, 142);
insert into goal (goalnum, point, playernum, gamenum) values (563, 11, 5, 576);
insert into goal (goalnum, point, playernum, gamenum) values (564, 11, 105, 566);
insert into goal (goalnum, point, playernum, gamenum) values (565, 7, 41, 429);
insert into goal (goalnum, point, playernum, gamenum) values (566, 8, 67, 643);
insert into goal (goalnum, point, playernum, gamenum) values (567, 4, 122, 517);
insert into goal (goalnum, point, playernum, gamenum) values (568, 5, 123, 592);
insert into goal (goalnum, point, playernum, gamenum) values (569, 7, 50, 326);
insert into goal (goalnum, point, playernum, gamenum) values (570, 10, 73, 879);
insert into goal (goalnum, point, playernum, gamenum) values (571, 11, 54, 664);
insert into goal (goalnum, point, playernum, gamenum) values (572, 9, 123, 26);
insert into goal (goalnum, point, playernum, gamenum) values (573, 2, 43, 220);
insert into goal (goalnum, point, playernum, gamenum) values (574, 9, 152, 697);
insert into goal (goalnum, point, playernum, gamenum) values (575, 5, 77, 881);
insert into goal (goalnum, point, playernum, gamenum) values (576, 1, 32, 185);
insert into goal (goalnum, point, playernum, gamenum) values (577, 10, 99, 418);
insert into goal (goalnum, point, playernum, gamenum) values (578, 9, 88, 835);
insert into goal (goalnum, point, playernum, gamenum) values (579, 5, 77, 928);
insert into goal (goalnum, point, playernum, gamenum) values (580, 9, 68, 374);
insert into goal (goalnum, point, playernum, gamenum) values (581, 4, 79, 283);
insert into goal (goalnum, point, playernum, gamenum) values (582, 4, 12, 27);
insert into goal (goalnum, point, playernum, gamenum) values (583, 4, 63, 651);
insert into goal (goalnum, point, playernum, gamenum) values (584, 8, 76, 434);
insert into goal (goalnum, point, playernum, gamenum) values (585, 9, 37, 412);
insert into goal (goalnum, point, playernum, gamenum) values (586, 8, 71, 589);
insert into goal (goalnum, point, playernum, gamenum) values (587, 9, 135, 784);
insert into goal (goalnum, point, playernum, gamenum) values (588, 7, 10, 181);
insert into goal (goalnum, point, playernum, gamenum) values (589, 1, 8, 998);
insert into goal (goalnum, point, playernum, gamenum) values (590, 8, 147, 249);
insert into goal (goalnum, point, playernum, gamenum) values (591, 4, 98, 220);
insert into goal (goalnum, point, playernum, gamenum) values (592, 5, 120, 955);
insert into goal (goalnum, point, playernum, gamenum) values (593, 5, 101, 43);
insert into goal (goalnum, point, playernum, gamenum) values (594, 1, 139, 870);
insert into goal (goalnum, point, playernum, gamenum) values (595, 7, 117, 931);
insert into goal (goalnum, point, playernum, gamenum) values (596, 8, 43, 512);
insert into goal (goalnum, point, playernum, gamenum) values (597, 12, 98, 968);
insert into goal (goalnum, point, playernum, gamenum) values (598, 7, 117, 868);
insert into goal (goalnum, point, playernum, gamenum) values (599, 10, 152, 226);
insert into goal (goalnum, point, playernum, gamenum) values (600, 5, 15, 67);
insert into goal (goalnum, point, playernum, gamenum) values (601, 2, 147, 256);
insert into goal (goalnum, point, playernum, gamenum) values (602, 5, 59, 223);
insert into goal (goalnum, point, playernum, gamenum) values (603, 11, 61, 91);
insert into goal (goalnum, point, playernum, gamenum) values (604, 11, 131, 179);
insert into goal (goalnum, point, playernum, gamenum) values (605, 2, 27, 725);
insert into goal (goalnum, point, playernum, gamenum) values (606, 10, 146, 539);
insert into goal (goalnum, point, playernum, gamenum) values (607, 4, 105, 268);
insert into goal (goalnum, point, playernum, gamenum) values (608, 11, 2, 516);
insert into goal (goalnum, point, playernum, gamenum) values (609, 12, 104, 447);
insert into goal (goalnum, point, playernum, gamenum) values (610, 12, 138, 840);
insert into goal (goalnum, point, playernum, gamenum) values (611, 3, 28, 83);
insert into goal (goalnum, point, playernum, gamenum) values (612, 11, 69, 807);
insert into goal (goalnum, point, playernum, gamenum) values (613, 2, 124, 311);
insert into goal (goalnum, point, playernum, gamenum) values (614, 3, 85, 854);
insert into goal (goalnum, point, playernum, gamenum) values (615, 7, 13, 253);
insert into goal (goalnum, point, playernum, gamenum) values (616, 10, 46, 533);
insert into goal (goalnum, point, playernum, gamenum) values (617, 2, 130, 159);
insert into goal (goalnum, point, playernum, gamenum) values (618, 11, 101, 745);
insert into goal (goalnum, point, playernum, gamenum) values (619, 5, 60, 563);
insert into goal (goalnum, point, playernum, gamenum) values (620, 8, 34, 140);
insert into goal (goalnum, point, playernum, gamenum) values (621, 10, 44, 184);
insert into goal (goalnum, point, playernum, gamenum) values (622, 4, 141, 611);
insert into goal (goalnum, point, playernum, gamenum) values (623, 5, 50, 242);
insert into goal (goalnum, point, playernum, gamenum) values (624, 10, 11, 145);
insert into goal (goalnum, point, playernum, gamenum) values (625, 12, 50, 846);
insert into goal (goalnum, point, playernum, gamenum) values (626, 6, 107, 977);
insert into goal (goalnum, point, playernum, gamenum) values (627, 8, 151, 185);
insert into goal (goalnum, point, playernum, gamenum) values (628, 10, 43, 810);
insert into goal (goalnum, point, playernum, gamenum) values (629, 7, 72, 997);
insert into goal (goalnum, point, playernum, gamenum) values (630, 1, 44, 891);
insert into goal (goalnum, point, playernum, gamenum) values (631, 11, 117, 616);
insert into goal (goalnum, point, playernum, gamenum) values (632, 9, 146, 581);
insert into goal (goalnum, point, playernum, gamenum) values (633, 12, 90, 24);
insert into goal (goalnum, point, playernum, gamenum) values (634, 6, 18, 98);
insert into goal (goalnum, point, playernum, gamenum) values (635, 11, 61, 583);
insert into goal (goalnum, point, playernum, gamenum) values (636, 10, 93, 191);
insert into goal (goalnum, point, playernum, gamenum) values (637, 4, 41, 447);
insert into goal (goalnum, point, playernum, gamenum) values (638, 3, 118, 53);
insert into goal (goalnum, point, playernum, gamenum) values (639, 6, 52, 643);
insert into goal (goalnum, point, playernum, gamenum) values (640, 9, 87, 514);
insert into goal (goalnum, point, playernum, gamenum) values (641, 2, 38, 352);
insert into goal (goalnum, point, playernum, gamenum) values (642, 7, 17, 318);
insert into goal (goalnum, point, playernum, gamenum) values (643, 1, 150, 119);
insert into goal (goalnum, point, playernum, gamenum) values (644, 3, 102, 641);
insert into goal (goalnum, point, playernum, gamenum) values (645, 11, 146, 847);
insert into goal (goalnum, point, playernum, gamenum) values (646, 9, 62, 159);
insert into goal (goalnum, point, playernum, gamenum) values (647, 5, 121, 551);
insert into goal (goalnum, point, playernum, gamenum) values (648, 11, 126, 523);
insert into goal (goalnum, point, playernum, gamenum) values (649, 9, 51, 541);
insert into goal (goalnum, point, playernum, gamenum) values (650, 1, 123, 589);
insert into goal (goalnum, point, playernum, gamenum) values (651, 9, 101, 220);
insert into goal (goalnum, point, playernum, gamenum) values (652, 2, 138, 297);
insert into goal (goalnum, point, playernum, gamenum) values (653, 1, 102, 904);
insert into goal (goalnum, point, playernum, gamenum) values (654, 9, 108, 416);
insert into goal (goalnum, point, playernum, gamenum) values (655, 1, 100, 633);
insert into goal (goalnum, point, playernum, gamenum) values (656, 8, 100, 593);
insert into goal (goalnum, point, playernum, gamenum) values (657, 2, 6, 847);
insert into goal (goalnum, point, playernum, gamenum) values (658, 4, 98, 987);
insert into goal (goalnum, point, playernum, gamenum) values (659, 8, 130, 736);
insert into goal (goalnum, point, playernum, gamenum) values (660, 8, 122, 819);
insert into goal (goalnum, point, playernum, gamenum) values (661, 4, 75, 501);
insert into goal (goalnum, point, playernum, gamenum) values (662, 9, 77, 128);
insert into goal (goalnum, point, playernum, gamenum) values (663, 8, 116, 162);
insert into goal (goalnum, point, playernum, gamenum) values (664, 2, 136, 999);
insert into goal (goalnum, point, playernum, gamenum) values (665, 12, 108, 634);
insert into goal (goalnum, point, playernum, gamenum) values (666, 2, 77, 289);
insert into goal (goalnum, point, playernum, gamenum) values (667, 1, 99, 32);
insert into goal (goalnum, point, playernum, gamenum) values (668, 1, 92, 893);
insert into goal (goalnum, point, playernum, gamenum) values (669, 10, 60, 817);
insert into goal (goalnum, point, playernum, gamenum) values (670, 7, 149, 539);
insert into goal (goalnum, point, playernum, gamenum) values (671, 11, 139, 534);
insert into goal (goalnum, point, playernum, gamenum) values (672, 5, 31, 417);
insert into goal (goalnum, point, playernum, gamenum) values (673, 10, 139, 753);
insert into goal (goalnum, point, playernum, gamenum) values (674, 2, 118, 883);
insert into goal (goalnum, point, playernum, gamenum) values (675, 5, 38, 387);
insert into goal (goalnum, point, playernum, gamenum) values (676, 5, 146, 564);
insert into goal (goalnum, point, playernum, gamenum) values (677, 1, 101, 475);
insert into goal (goalnum, point, playernum, gamenum) values (678, 4, 75, 634);
insert into goal (goalnum, point, playernum, gamenum) values (679, 7, 69, 41);
insert into goal (goalnum, point, playernum, gamenum) values (680, 3, 76, 480);
insert into goal (goalnum, point, playernum, gamenum) values (681, 12, 27, 789);
insert into goal (goalnum, point, playernum, gamenum) values (682, 9, 151, 500);
insert into goal (goalnum, point, playernum, gamenum) values (683, 2, 16, 458);
insert into goal (goalnum, point, playernum, gamenum) values (684, 2, 125, 179);
insert into goal (goalnum, point, playernum, gamenum) values (685, 12, 116, 748);
insert into goal (goalnum, point, playernum, gamenum) values (686, 5, 57, 222);
insert into goal (goalnum, point, playernum, gamenum) values (687, 3, 69, 940);
insert into goal (goalnum, point, playernum, gamenum) values (688, 2, 17, 55);
insert into goal (goalnum, point, playernum, gamenum) values (689, 6, 17, 733);
insert into goal (goalnum, point, playernum, gamenum) values (690, 11, 145, 156);
insert into goal (goalnum, point, playernum, gamenum) values (691, 9, 126, 795);
insert into goal (goalnum, point, playernum, gamenum) values (692, 6, 13, 849);
insert into goal (goalnum, point, playernum, gamenum) values (693, 3, 98, 446);
insert into goal (goalnum, point, playernum, gamenum) values (694, 11, 148, 314);
insert into goal (goalnum, point, playernum, gamenum) values (695, 8, 148, 12);
insert into goal (goalnum, point, playernum, gamenum) values (696, 11, 18, 300);
insert into goal (goalnum, point, playernum, gamenum) values (697, 1, 37, 299);
insert into goal (goalnum, point, playernum, gamenum) values (698, 2, 113, 449);
insert into goal (goalnum, point, playernum, gamenum) values (699, 12, 125, 356);
insert into goal (goalnum, point, playernum, gamenum) values (700, 9, 34, 64);
insert into goal (goalnum, point, playernum, gamenum) values (701, 12, 149, 713);
insert into goal (goalnum, point, playernum, gamenum) values (702, 6, 79, 365);
insert into goal (goalnum, point, playernum, gamenum) values (703, 5, 138, 630);
insert into goal (goalnum, point, playernum, gamenum) values (704, 3, 141, 25);
insert into goal (goalnum, point, playernum, gamenum) values (705, 4, 45, 3);
insert into goal (goalnum, point, playernum, gamenum) values (706, 7, 108, 464);
insert into goal (goalnum, point, playernum, gamenum) values (707, 7, 142, 889);
insert into goal (goalnum, point, playernum, gamenum) values (708, 5, 32, 601);
insert into goal (goalnum, point, playernum, gamenum) values (709, 7, 74, 420);
insert into goal (goalnum, point, playernum, gamenum) values (710, 8, 134, 260);
insert into goal (goalnum, point, playernum, gamenum) values (711, 7, 71, 781);
insert into goal (goalnum, point, playernum, gamenum) values (712, 6, 100, 32);
insert into goal (goalnum, point, playernum, gamenum) values (713, 4, 112, 263);
insert into goal (goalnum, point, playernum, gamenum) values (714, 1, 42, 445);
insert into goal (goalnum, point, playernum, gamenum) values (715, 11, 6, 12);
insert into goal (goalnum, point, playernum, gamenum) values (716, 10, 1, 115);
insert into goal (goalnum, point, playernum, gamenum) values (717, 1, 100, 96);
insert into goal (goalnum, point, playernum, gamenum) values (718, 12, 18, 557);
insert into goal (goalnum, point, playernum, gamenum) values (719, 7, 81, 339);
insert into goal (goalnum, point, playernum, gamenum) values (720, 7, 130, 454);
insert into goal (goalnum, point, playernum, gamenum) values (721, 5, 131, 176);
insert into goal (goalnum, point, playernum, gamenum) values (722, 10, 148, 422);
insert into goal (goalnum, point, playernum, gamenum) values (723, 9, 20, 792);
insert into goal (goalnum, point, playernum, gamenum) values (724, 3, 113, 910);
insert into goal (goalnum, point, playernum, gamenum) values (725, 7, 98, 754);
insert into goal (goalnum, point, playernum, gamenum) values (726, 5, 11, 864);
insert into goal (goalnum, point, playernum, gamenum) values (727, 11, 114, 366);
insert into goal (goalnum, point, playernum, gamenum) values (728, 5, 118, 318);
insert into goal (goalnum, point, playernum, gamenum) values (729, 11, 132, 587);
insert into goal (goalnum, point, playernum, gamenum) values (730, 5, 136, 63);
insert into goal (goalnum, point, playernum, gamenum) values (731, 9, 74, 201);
insert into goal (goalnum, point, playernum, gamenum) values (732, 4, 132, 266);
insert into goal (goalnum, point, playernum, gamenum) values (733, 12, 34, 440);
insert into goal (goalnum, point, playernum, gamenum) values (734, 8, 133, 852);
insert into goal (goalnum, point, playernum, gamenum) values (735, 12, 92, 504);
insert into goal (goalnum, point, playernum, gamenum) values (736, 6, 84, 438);
insert into goal (goalnum, point, playernum, gamenum) values (737, 6, 11, 784);
insert into goal (goalnum, point, playernum, gamenum) values (738, 10, 133, 190);
insert into goal (goalnum, point, playernum, gamenum) values (739, 2, 89, 164);
insert into goal (goalnum, point, playernum, gamenum) values (740, 1, 92, 790);
insert into goal (goalnum, point, playernum, gamenum) values (741, 5, 96, 382);
insert into goal (goalnum, point, playernum, gamenum) values (742, 12, 121, 984);
insert into goal (goalnum, point, playernum, gamenum) values (743, 1, 121, 474);
insert into goal (goalnum, point, playernum, gamenum) values (744, 8, 145, 47);
insert into goal (goalnum, point, playernum, gamenum) values (745, 4, 120, 938);
insert into goal (goalnum, point, playernum, gamenum) values (746, 5, 6, 865);
insert into goal (goalnum, point, playernum, gamenum) values (747, 2, 76, 135);
insert into goal (goalnum, point, playernum, gamenum) values (748, 5, 22, 142);
insert into goal (goalnum, point, playernum, gamenum) values (749, 10, 38, 949);
insert into goal (goalnum, point, playernum, gamenum) values (750, 6, 145, 470);
insert into goal (goalnum, point, playernum, gamenum) values (751, 4, 19, 879);
insert into goal (goalnum, point, playernum, gamenum) values (752, 10, 142, 418);
insert into goal (goalnum, point, playernum, gamenum) values (753, 8, 114, 856);
insert into goal (goalnum, point, playernum, gamenum) values (754, 10, 9, 642);
insert into goal (goalnum, point, playernum, gamenum) values (755, 3, 121, 228);
insert into goal (goalnum, point, playernum, gamenum) values (756, 1, 61, 683);
insert into goal (goalnum, point, playernum, gamenum) values (757, 5, 112, 729);
insert into goal (goalnum, point, playernum, gamenum) values (758, 4, 107, 230);
insert into goal (goalnum, point, playernum, gamenum) values (759, 11, 36, 101);
insert into goal (goalnum, point, playernum, gamenum) values (760, 2, 73, 842);
insert into goal (goalnum, point, playernum, gamenum) values (761, 9, 73, 470);
insert into goal (goalnum, point, playernum, gamenum) values (762, 12, 54, 503);
insert into goal (goalnum, point, playernum, gamenum) values (763, 6, 137, 733);
insert into goal (goalnum, point, playernum, gamenum) values (764, 9, 148, 149);
insert into goal (goalnum, point, playernum, gamenum) values (765, 4, 5, 169);
insert into goal (goalnum, point, playernum, gamenum) values (766, 6, 116, 641);
insert into goal (goalnum, point, playernum, gamenum) values (767, 11, 91, 342);
insert into goal (goalnum, point, playernum, gamenum) values (768, 8, 82, 585);
insert into goal (goalnum, point, playernum, gamenum) values (769, 1, 138, 668);
insert into goal (goalnum, point, playernum, gamenum) values (770, 10, 119, 664);
insert into goal (goalnum, point, playernum, gamenum) values (771, 8, 65, 6);
insert into goal (goalnum, point, playernum, gamenum) values (772, 8, 50, 282);
insert into goal (goalnum, point, playernum, gamenum) values (773, 7, 124, 93);
insert into goal (goalnum, point, playernum, gamenum) values (774, 12, 128, 525);
insert into goal (goalnum, point, playernum, gamenum) values (775, 11, 28, 391);
insert into goal (goalnum, point, playernum, gamenum) values (776, 7, 143, 945);
insert into goal (goalnum, point, playernum, gamenum) values (777, 9, 56, 375);
insert into goal (goalnum, point, playernum, gamenum) values (778, 6, 39, 777);
insert into goal (goalnum, point, playernum, gamenum) values (779, 12, 61, 832);
insert into goal (goalnum, point, playernum, gamenum) values (780, 4, 142, 542);
insert into goal (goalnum, point, playernum, gamenum) values (781, 2, 71, 142);
insert into goal (goalnum, point, playernum, gamenum) values (782, 6, 115, 188);
insert into goal (goalnum, point, playernum, gamenum) values (783, 3, 52, 11);
insert into goal (goalnum, point, playernum, gamenum) values (784, 1, 65, 846);
insert into goal (goalnum, point, playernum, gamenum) values (785, 3, 108, 480);
insert into goal (goalnum, point, playernum, gamenum) values (786, 6, 105, 246);
insert into goal (goalnum, point, playernum, gamenum) values (787, 7, 132, 720);
insert into goal (goalnum, point, playernum, gamenum) values (788, 5, 2, 589);
insert into goal (goalnum, point, playernum, gamenum) values (789, 10, 19, 967);
insert into goal (goalnum, point, playernum, gamenum) values (790, 7, 71, 299);
insert into goal (goalnum, point, playernum, gamenum) values (791, 8, 38, 582);
insert into goal (goalnum, point, playernum, gamenum) values (792, 4, 2, 248);
insert into goal (goalnum, point, playernum, gamenum) values (793, 6, 93, 580);
insert into goal (goalnum, point, playernum, gamenum) values (794, 5, 41, 25);
insert into goal (goalnum, point, playernum, gamenum) values (795, 2, 89, 583);
insert into goal (goalnum, point, playernum, gamenum) values (796, 6, 108, 214);
insert into goal (goalnum, point, playernum, gamenum) values (797, 10, 148, 420);
insert into goal (goalnum, point, playernum, gamenum) values (798, 3, 8, 279);
insert into goal (goalnum, point, playernum, gamenum) values (799, 9, 133, 540);
insert into goal (goalnum, point, playernum, gamenum) values (800, 6, 72, 770);
insert into goal (goalnum, point, playernum, gamenum) values (801, 7, 143, 891);
insert into goal (goalnum, point, playernum, gamenum) values (802, 4, 91, 878);
insert into goal (goalnum, point, playernum, gamenum) values (803, 8, 23, 771);
insert into goal (goalnum, point, playernum, gamenum) values (804, 1, 89, 834);
insert into goal (goalnum, point, playernum, gamenum) values (805, 3, 75, 913);
insert into goal (goalnum, point, playernum, gamenum) values (806, 12, 15, 939);
insert into goal (goalnum, point, playernum, gamenum) values (807, 11, 36, 732);
insert into goal (goalnum, point, playernum, gamenum) values (808, 9, 135, 262);
insert into goal (goalnum, point, playernum, gamenum) values (809, 9, 8, 861);
insert into goal (goalnum, point, playernum, gamenum) values (810, 12, 151, 898);
insert into goal (goalnum, point, playernum, gamenum) values (811, 9, 14, 934);
insert into goal (goalnum, point, playernum, gamenum) values (812, 8, 29, 508);
insert into goal (goalnum, point, playernum, gamenum) values (813, 11, 129, 609);
insert into goal (goalnum, point, playernum, gamenum) values (814, 5, 39, 924);
insert into goal (goalnum, point, playernum, gamenum) values (815, 12, 136, 571);
insert into goal (goalnum, point, playernum, gamenum) values (816, 10, 137, 211);
insert into goal (goalnum, point, playernum, gamenum) values (817, 3, 81, 356);
insert into goal (goalnum, point, playernum, gamenum) values (818, 11, 111, 815);
insert into goal (goalnum, point, playernum, gamenum) values (819, 2, 42, 294);
insert into goal (goalnum, point, playernum, gamenum) values (820, 10, 114, 235);
insert into goal (goalnum, point, playernum, gamenum) values (821, 2, 119, 598);
insert into goal (goalnum, point, playernum, gamenum) values (822, 5, 151, 185);
insert into goal (goalnum, point, playernum, gamenum) values (823, 2, 55, 968);
insert into goal (goalnum, point, playernum, gamenum) values (824, 11, 117, 512);
insert into goal (goalnum, point, playernum, gamenum) values (825, 9, 23, 289);
insert into goal (goalnum, point, playernum, gamenum) values (826, 5, 39, 719);
insert into goal (goalnum, point, playernum, gamenum) values (827, 12, 2, 317);
insert into goal (goalnum, point, playernum, gamenum) values (828, 1, 64, 855);
insert into goal (goalnum, point, playernum, gamenum) values (829, 8, 136, 939);
insert into goal (goalnum, point, playernum, gamenum) values (830, 10, 87, 225);
insert into goal (goalnum, point, playernum, gamenum) values (831, 2, 90, 573);
insert into goal (goalnum, point, playernum, gamenum) values (832, 10, 44, 110);
insert into goal (goalnum, point, playernum, gamenum) values (833, 1, 110, 75);
insert into goal (goalnum, point, playernum, gamenum) values (834, 11, 35, 221);
insert into goal (goalnum, point, playernum, gamenum) values (835, 9, 108, 830);
insert into goal (goalnum, point, playernum, gamenum) values (836, 10, 13, 7);
insert into goal (goalnum, point, playernum, gamenum) values (837, 9, 17, 478);
insert into goal (goalnum, point, playernum, gamenum) values (838, 7, 73, 58);
insert into goal (goalnum, point, playernum, gamenum) values (839, 1, 104, 646);
insert into goal (goalnum, point, playernum, gamenum) values (840, 8, 43, 708);
insert into goal (goalnum, point, playernum, gamenum) values (841, 8, 45, 446);
insert into goal (goalnum, point, playernum, gamenum) values (842, 12, 29, 972);
insert into goal (goalnum, point, playernum, gamenum) values (843, 9, 65, 832);
insert into goal (goalnum, point, playernum, gamenum) values (844, 2, 25, 2);
insert into goal (goalnum, point, playernum, gamenum) values (845, 2, 109, 705);
insert into goal (goalnum, point, playernum, gamenum) values (846, 4, 69, 25);
insert into goal (goalnum, point, playernum, gamenum) values (847, 4, 115, 565);
insert into goal (goalnum, point, playernum, gamenum) values (848, 7, 67, 752);
insert into goal (goalnum, point, playernum, gamenum) values (849, 10, 146, 714);
insert into goal (goalnum, point, playernum, gamenum) values (850, 12, 115, 168);
insert into goal (goalnum, point, playernum, gamenum) values (851, 10, 153, 335);
insert into goal (goalnum, point, playernum, gamenum) values (852, 10, 86, 215);
insert into goal (goalnum, point, playernum, gamenum) values (853, 7, 97, 90);
insert into goal (goalnum, point, playernum, gamenum) values (854, 8, 124, 131);
insert into goal (goalnum, point, playernum, gamenum) values (855, 5, 128, 656);
insert into goal (goalnum, point, playernum, gamenum) values (856, 12, 22, 518);
insert into goal (goalnum, point, playernum, gamenum) values (857, 7, 136, 104);
insert into goal (goalnum, point, playernum, gamenum) values (858, 5, 25, 121);
insert into goal (goalnum, point, playernum, gamenum) values (859, 12, 146, 853);
insert into goal (goalnum, point, playernum, gamenum) values (860, 7, 73, 811);
insert into goal (goalnum, point, playernum, gamenum) values (861, 5, 60, 366);
insert into goal (goalnum, point, playernum, gamenum) values (862, 3, 65, 125);
insert into goal (goalnum, point, playernum, gamenum) values (863, 7, 133, 242);
insert into goal (goalnum, point, playernum, gamenum) values (864, 12, 70, 284);
insert into goal (goalnum, point, playernum, gamenum) values (865, 11, 40, 230);
insert into goal (goalnum, point, playernum, gamenum) values (866, 8, 100, 523);
insert into goal (goalnum, point, playernum, gamenum) values (867, 2, 90, 295);
insert into goal (goalnum, point, playernum, gamenum) values (868, 2, 69, 538);
insert into goal (goalnum, point, playernum, gamenum) values (869, 8, 56, 584);
insert into goal (goalnum, point, playernum, gamenum) values (870, 8, 3, 211);
insert into goal (goalnum, point, playernum, gamenum) values (871, 6, 135, 449);
insert into goal (goalnum, point, playernum, gamenum) values (872, 9, 43, 785);
insert into goal (goalnum, point, playernum, gamenum) values (873, 8, 11, 550);
insert into goal (goalnum, point, playernum, gamenum) values (874, 8, 79, 394);
insert into goal (goalnum, point, playernum, gamenum) values (875, 9, 72, 68);
insert into goal (goalnum, point, playernum, gamenum) values (876, 9, 108, 547);
insert into goal (goalnum, point, playernum, gamenum) values (877, 9, 141, 961);
insert into goal (goalnum, point, playernum, gamenum) values (878, 5, 27, 675);
insert into goal (goalnum, point, playernum, gamenum) values (879, 10, 154, 891);
insert into goal (goalnum, point, playernum, gamenum) values (880, 10, 4, 78);
insert into goal (goalnum, point, playernum, gamenum) values (881, 10, 11, 696);
insert into goal (goalnum, point, playernum, gamenum) values (882, 12, 151, 84);
insert into goal (goalnum, point, playernum, gamenum) values (883, 3, 27, 392);
insert into goal (goalnum, point, playernum, gamenum) values (884, 9, 120, 850);
insert into goal (goalnum, point, playernum, gamenum) values (885, 7, 89, 901);
insert into goal (goalnum, point, playernum, gamenum) values (886, 11, 3, 665);
insert into goal (goalnum, point, playernum, gamenum) values (887, 7, 84, 939);
insert into goal (goalnum, point, playernum, gamenum) values (888, 6, 46, 660);
insert into goal (goalnum, point, playernum, gamenum) values (889, 1, 121, 995);
insert into goal (goalnum, point, playernum, gamenum) values (890, 11, 111, 97);
insert into goal (goalnum, point, playernum, gamenum) values (891, 6, 144, 9);
insert into goal (goalnum, point, playernum, gamenum) values (892, 11, 31, 115);
insert into goal (goalnum, point, playernum, gamenum) values (893, 1, 117, 436);
insert into goal (goalnum, point, playernum, gamenum) values (894, 1, 88, 908);
insert into goal (goalnum, point, playernum, gamenum) values (895, 2, 5, 787);
insert into goal (goalnum, point, playernum, gamenum) values (896, 1, 37, 973);
insert into goal (goalnum, point, playernum, gamenum) values (897, 1, 115, 693);
insert into goal (goalnum, point, playernum, gamenum) values (898, 11, 96, 497);
insert into goal (goalnum, point, playernum, gamenum) values (899, 6, 32, 50);
insert into goal (goalnum, point, playernum, gamenum) values (900, 6, 17, 699);
insert into goal (goalnum, point, playernum, gamenum) values (901, 9, 62, 707);
insert into goal (goalnum, point, playernum, gamenum) values (902, 8, 143, 425);
insert into goal (goalnum, point, playernum, gamenum) values (903, 6, 104, 649);
insert into goal (goalnum, point, playernum, gamenum) values (904, 6, 106, 223);
insert into goal (goalnum, point, playernum, gamenum) values (905, 5, 129, 981);
insert into goal (goalnum, point, playernum, gamenum) values (906, 2, 141, 485);
insert into goal (goalnum, point, playernum, gamenum) values (907, 3, 40, 361);
insert into goal (goalnum, point, playernum, gamenum) values (908, 3, 3, 632);
insert into goal (goalnum, point, playernum, gamenum) values (909, 4, 58, 53);
insert into goal (goalnum, point, playernum, gamenum) values (910, 8, 152, 269);
insert into goal (goalnum, point, playernum, gamenum) values (911, 9, 3, 738);
insert into goal (goalnum, point, playernum, gamenum) values (912, 5, 20, 862);
insert into goal (goalnum, point, playernum, gamenum) values (913, 7, 86, 235);
insert into goal (goalnum, point, playernum, gamenum) values (914, 1, 1, 532);
insert into goal (goalnum, point, playernum, gamenum) values (915, 1, 68, 923);
insert into goal (goalnum, point, playernum, gamenum) values (916, 1, 95, 411);
insert into goal (goalnum, point, playernum, gamenum) values (917, 12, 73, 319);
insert into goal (goalnum, point, playernum, gamenum) values (918, 11, 108, 78);
insert into goal (goalnum, point, playernum, gamenum) values (919, 1, 49, 936);
insert into goal (goalnum, point, playernum, gamenum) values (920, 11, 128, 281);
insert into goal (goalnum, point, playernum, gamenum) values (921, 10, 18, 488);
insert into goal (goalnum, point, playernum, gamenum) values (922, 5, 99, 38);
insert into goal (goalnum, point, playernum, gamenum) values (923, 12, 145, 40);
insert into goal (goalnum, point, playernum, gamenum) values (924, 11, 86, 602);
insert into goal (goalnum, point, playernum, gamenum) values (925, 3, 32, 910);
insert into goal (goalnum, point, playernum, gamenum) values (926, 1, 10, 360);
insert into goal (goalnum, point, playernum, gamenum) values (927, 1, 50, 904);
insert into goal (goalnum, point, playernum, gamenum) values (928, 9, 16, 166);
insert into goal (goalnum, point, playernum, gamenum) values (929, 2, 129, 165);
insert into goal (goalnum, point, playernum, gamenum) values (930, 1, 146, 823);
insert into goal (goalnum, point, playernum, gamenum) values (931, 6, 34, 24);
insert into goal (goalnum, point, playernum, gamenum) values (932, 2, 92, 278);
insert into goal (goalnum, point, playernum, gamenum) values (933, 12, 71, 488);
insert into goal (goalnum, point, playernum, gamenum) values (934, 10, 101, 921);
insert into goal (goalnum, point, playernum, gamenum) values (935, 9, 149, 958);
insert into goal (goalnum, point, playernum, gamenum) values (936, 9, 117, 534);
insert into goal (goalnum, point, playernum, gamenum) values (937, 1, 42, 786);
insert into goal (goalnum, point, playernum, gamenum) values (938, 8, 130, 253);
insert into goal (goalnum, point, playernum, gamenum) values (939, 11, 105, 742);
insert into goal (goalnum, point, playernum, gamenum) values (940, 2, 74, 228);
insert into goal (goalnum, point, playernum, gamenum) values (941, 3, 63, 689);
insert into goal (goalnum, point, playernum, gamenum) values (942, 5, 136, 756);
insert into goal (goalnum, point, playernum, gamenum) values (943, 2, 98, 236);
insert into goal (goalnum, point, playernum, gamenum) values (944, 1, 97, 72);
insert into goal (goalnum, point, playernum, gamenum) values (945, 3, 89, 343);
insert into goal (goalnum, point, playernum, gamenum) values (946, 6, 144, 90);
insert into goal (goalnum, point, playernum, gamenum) values (947, 11, 102, 511);
insert into goal (goalnum, point, playernum, gamenum) values (948, 10, 36, 630);
insert into goal (goalnum, point, playernum, gamenum) values (949, 12, 135, 286);
insert into goal (goalnum, point, playernum, gamenum) values (950, 5, 31, 547);
insert into goal (goalnum, point, playernum, gamenum) values (951, 4, 148, 450);
insert into goal (goalnum, point, playernum, gamenum) values (952, 11, 61, 787);
insert into goal (goalnum, point, playernum, gamenum) values (953, 1, 70, 285);
insert into goal (goalnum, point, playernum, gamenum) values (954, 9, 96, 730);
insert into goal (goalnum, point, playernum, gamenum) values (955, 6, 111, 565);
insert into goal (goalnum, point, playernum, gamenum) values (956, 12, 98, 985);
insert into goal (goalnum, point, playernum, gamenum) values (957, 12, 137, 121);
insert into goal (goalnum, point, playernum, gamenum) values (958, 1, 30, 410);
insert into goal (goalnum, point, playernum, gamenum) values (959, 5, 5, 996);
insert into goal (goalnum, point, playernum, gamenum) values (960, 5, 100, 425);
insert into goal (goalnum, point, playernum, gamenum) values (961, 4, 41, 36);
insert into goal (goalnum, point, playernum, gamenum) values (962, 7, 131, 668);
insert into goal (goalnum, point, playernum, gamenum) values (963, 9, 58, 748);
insert into goal (goalnum, point, playernum, gamenum) values (964, 12, 131, 533);
insert into goal (goalnum, point, playernum, gamenum) values (965, 3, 4, 174);
insert into goal (goalnum, point, playernum, gamenum) values (966, 10, 112, 295);
insert into goal (goalnum, point, playernum, gamenum) values (967, 7, 116, 986);
insert into goal (goalnum, point, playernum, gamenum) values (968, 12, 116, 506);
insert into goal (goalnum, point, playernum, gamenum) values (969, 9, 33, 510);
insert into goal (goalnum, point, playernum, gamenum) values (970, 1, 31, 340);
insert into goal (goalnum, point, playernum, gamenum) values (971, 4, 64, 820);
insert into goal (goalnum, point, playernum, gamenum) values (972, 10, 95, 60);
insert into goal (goalnum, point, playernum, gamenum) values (973, 6, 55, 978);
insert into goal (goalnum, point, playernum, gamenum) values (974, 8, 116, 626);
insert into goal (goalnum, point, playernum, gamenum) values (975, 6, 93, 677);
insert into goal (goalnum, point, playernum, gamenum) values (976, 2, 151, 471);
insert into goal (goalnum, point, playernum, gamenum) values (977, 6, 92, 873);
insert into goal (goalnum, point, playernum, gamenum) values (978, 12, 86, 322);
insert into goal (goalnum, point, playernum, gamenum) values (979, 10, 144, 155);
insert into goal (goalnum, point, playernum, gamenum) values (980, 4, 71, 518);
insert into goal (goalnum, point, playernum, gamenum) values (981, 3, 29, 354);
insert into goal (goalnum, point, playernum, gamenum) values (982, 3, 24, 881);
insert into goal (goalnum, point, playernum, gamenum) values (983, 4, 34, 337);
insert into goal (goalnum, point, playernum, gamenum) values (984, 7, 3, 969);
insert into goal (goalnum, point, playernum, gamenum) values (985, 10, 134, 647);
insert into goal (goalnum, point, playernum, gamenum) values (986, 8, 31, 176);
insert into goal (goalnum, point, playernum, gamenum) values (987, 4, 124, 793);
insert into goal (goalnum, point, playernum, gamenum) values (988, 12, 100, 938);
insert into goal (goalnum, point, playernum, gamenum) values (989, 6, 34, 459);
insert into goal (goalnum, point, playernum, gamenum) values (990, 3, 94, 997);
insert into goal (goalnum, point, playernum, gamenum) values (991, 1, 52, 536);
insert into goal (goalnum, point, playernum, gamenum) values (992, 6, 34, 147);
insert into goal (goalnum, point, playernum, gamenum) values (993, 2, 115, 970);
insert into goal (goalnum, point, playernum, gamenum) values (994, 9, 44, 936);
insert into goal (goalnum, point, playernum, gamenum) values (995, 3, 139, 101);
insert into goal (goalnum, point, playernum, gamenum) values (996, 10, 20, 692);
insert into goal (goalnum, point, playernum, gamenum) values (997, 8, 56, 482);
insert into goal (goalnum, point, playernum, gamenum) values (998, 1, 92, 969);
insert into goal (goalnum, point, playernum, gamenum) values (999, 2, 112, 249);
insert into goal (goalnum, point, playernum, gamenum) values (1000, 8, 36, 758);
